,id,time,title,content,info,available
0,336,2018-06-03,[5.05]《战场女武神4》中文版（含1.01）,您已评论，请查看如下隐藏内容哦！链接: https://pan.baidu.com/s/1IOk6EHu3Cd-h1bxSOPcQwQ  密码: tmn8感谢本站热心网友 肥肥的喵 辛苦DUMP和分享。带恢复记录。转载请注明：www.ksohu.com，谢谢。英文名称：Senjou no Valkyria 4 / Valkyria Chronicles 4游戏原名：戦場のヴァルキュリア4游戏语言：中文(非国行)开发厂商：Sega发行厂商：Sega发售日期：2018-03-21本作的时间设定在架空的1935年第二次欧洲大战时期，欧洲大陆的版图一分为二，一边是共和国国家联邦组织「联邦」；另一边则是君主专制国家「帝国」。拥有压倒性物资数量的帝国让联邦陷入了苦战，为了扭转劣势，联邦发动了反攻作战突袭帝国首都，名为「北十字星作战」。隶属联邦军E小队的库罗德也随军出征，在与伙伴间的羁绊、被托付的心愿，以及各种牺牲之下，达成目标的意志备受考验。官方表示，新作手绘插图般的独特绘图系统「CANVAS」，以及融合战略与行动的崭新战斗系统「BLiTZ」都以最新技术再次进化！负责角色设计的本庄雷太，以及负责游戏配乐的崎元仁等系列作耳熟能详的人物也参与了本次制作！󰄼 赞 22 赏󰄯 分享,其他类型,True
1,335,2018-06-03,《啪嗒砰 / 战鼓啪打碰》繁体中文版（含1.01）,您已评论，请查看如下隐藏内容哦！链接: https://pan.baidu.com/s/1yAgCKnm4Jzfu-0NJzEVVLQ  密码: g2dt感谢本站热心网友 肥肥的喵 再次分享。这个为喵喵Dump的，和之前网传的不是一个作者。转载请注明来源：www.ksohu.com，谢谢。󰄼 赞 11 赏󰄯 分享,其他类型,True
2,334,2018-06-03,[5.05]《加速世界VS刀剑神域 千年之黄昏》港版 繁体中文版（含2.03补丁）,您已评论，请查看如下隐藏内容哦！链接: https://pan.baidu.com/s/10oQiNMWTOFBXMJIt_mcuug  密码: 8uew感谢本站热心网友 肥肥的喵 再次分享。转载请注明来源：www.ksohu.com，谢谢。女武神4也上传ＯＫ了。英文名称：Accel World vs. Sword Art Online - Millennium Twilight游戏原名：アクセル・ワールドVSソードアート・オンライン 千年の黄昏（ミレニアム・トワイライト）游戏语言：中文(非国行)开发厂商：BNEI发行厂商：BNEI发售日期：2017-04-06本作是将轻小说作家川原砾所写的两大代表作品《加速世界》与《刀剑神域》同时交错于单一作品的动作角色扮演。󰄼 赞 5 赏󰄯 分享,角色扮演,True
3,333,2018-06-03,《乐高都市 卧底风云》中文版,来自极模论坛 gz死神bleach  进入游戏提示系统存档出错，选择修复覆盖即可。系统语言为繁体，港中。解压密码： gz死神bleach链接：https://pan.baidu.com/s/1WQn1yk0ONKfcohhfbZYqxA  密码：5uaq,动作类,True
4,332,2018-06-03,[5.05]《地平线 年度版》港版 繁体中文版（含1.52升级补丁）,"分享者：老玩家75压缩包带恢复记录,下载错误请自行修复,不会的自行百度链接：https://pan.baidu.com/s/1sMyrmQR-eOJLE58XEPXpxQ  密码：g62f",动作类,True
5,331,2018-06-03,[5.05] 生化危机4 中文版,[5.05]  生化危机4 中文版  自DUMP链接：https://pan.baidu.com/s/1YIi7YNbtw6zKi3ryd-pmJw密码：goji感谢毅神话分享。,射击类,True
6,330,2018-06-03,《中土世界 战争之影》简体中文版,您已评论，请查看如下隐藏内容哦！链接：https://pan.baidu.com/s/1dFlFU8Ie3RaATpfwrUnw1Q  密码：Bn66转自@chiqinxi󰄼 赞 23 赏󰄯 分享,动作类,True
7,329,2018-06-02,[5.05]《街霸5 街机》中文版,您已评论，请查看如下隐藏内容哦！4.05系统可运行，理论上5.05也可运行未测试，如果出现存档损坏删除在重新建立即可。链接: https://pan.baidu.com/s/1d_RsjCSurSm3P_vQC5w6vA  密码: 3yb5解压密码；我爱你坦克188感谢坦克188的Dump和投稿。《街头霸王5 街机版》追加「街机模式」以及超多新机能，完整收录「角色季票1」、「角色季票2」内容。󰄼 赞 66 赏󰄯 分享,格斗类,True
8,328,2018-06-02,[5.05]《银魂乱舞》港版 繁体中文版,您已评论，请查看如下隐藏内容哦！链接：https://pan.baidu.com/s/1Ub7OcrrQuFQWhmUzRAvcFQ  密码：YsCw含1.06补丁。感谢本站热心网友肥肥的喵提供！再次感谢，大佬奉献很多大作。以后还有大作的，不剧透。󰄼 赞 30 赏󰄯 分享,动作类,True
9,327,2018-06-02,[5.05]《仁王 年度版》中文版,收录了《仁王》游戏本体，及3款DLC。转自：春天花会开666   仁王年度版https://pan.baidu.com/s/1zuX0DfkKHEHWblwo_PPFKQ  密码：ypki 解压：皮皮虾不走了里面有补丁请不要安装补丁补丁有问题从qq群转的，感谢原作者。密码不对的，看置顶帖。,动作类,True
10,325,2018-06-02,《鬼泣 1-3》港版 中文版（已更新）,感谢热心网友fiona投稿。链接:https://pan.baidu.com/s/15b8lpkjmDuiBHrEnYZvVpQ  密码:ywmk,动作类,True
11,324,2018-06-02,《闪乱神乐：沙滩戏水》港版 中文版 v1.03 本体+升级补丁+嘿嘿嘿补丁+DLC,感谢 @wchdsk#2187 制作。感谢<@450972846605336613> 提供的dump文件。您已评论，请查看如下隐藏内容哦！嘿嘿嘿补丁包含已下内容：1.去圣光补丁。2.去喷气背包补丁。DLC包含已下内容：dlc人物+服装+卡牌的解锁，其他太多没有做。请打上升级补丁后使用下载链接: https://pan.baidu.com/s/12JpbxRCtbNXt-UFrzhmqBg  密码: n7iw󰄼 赞 65 赏󰄯 分享,射击类,True
12,323,2018-06-02,异化 港版中文 + 1.06补丁 + 全DLC,原作者：异化看没人做带升级补丁的，自己dump做一个，顺道把包含武器在内的几个DLC也做了，测试几个DLC均正常使用DLC包含武器补充包(渦流手榴彈、毀滅者、崩解者)/装甲颜色包/弹药颜色包/老练英雄包等等您已评论，请查看如下隐藏内容哦！链接: https://pan.baidu.com/s/1UeUzjPaISD4aKowN5M-vxA 密码: ij83解压密码：kangkang000感谢kangkang dump和分享javascript:;赏󰄯 分享,射击类,True
13,322,2018-06-02,《神之战 超越时空》港版 繁体中文版,您已评论，请查看如下隐藏内容哦！链接：https://pan.baidu.com/s/1m1YF2HypNy3ooaZ95gtJEA  密码：TG84感谢本站热心网友 肥肥的喵 Dump，辛苦了。周末手机发帖，先不附图了。晚上发银魂。󰄼 赞 40 赏󰄯 分享,角色扮演,True
14,321,2018-06-02,《假面骑士》繁体中文版,您已评论，请查看如下隐藏内容哦！资源群网友分享链接：https://pan.baidu.com/s/1_hxPjw2wXAUGt1p0dciAYg  密码：ft3t󰄼 赞 34 赏󰄯 分享,格斗类,True
15,320,2018-06-02,《EA SPORTS UFC 3》美版 简体中文版,"您已评论，请查看如下隐藏内容哦！转自论坛：分享者： 金手指資源來自 PSXHAX Malatya 提取 ,純搬運https://pan.baidu.com/s/1Z8XBVwHE8qyKxp1Ew1d8aw󰄼 赞 23 赏󰄯 分享",格斗类,True
16,319,2018-06-02,《NBA 2K18》K18国行 简体中文版（含1.03补丁）,投稿，之前有问题的可以试试这个。投稿自dump NBA2K18国行，带1.03补丁您已评论，请查看如下隐藏内容哦！链接：https://pan.baidu.com/s/1hNJdgXBlDwAeKG2tmITtGw密码：nhca解压密码：NBA2K18国行压缩包里有md5文件。󰄼 赞 48 赏󰄯 分享,体育竞速,True
17,318,2018-06-02,[5.05]《最后的守护者v1.03》中文版,作者： 哈，呵，依！ 505 最后的守护者v1.03_国行中文 含补丁 自dump链接: https://pan.baidu.com/s/1asGuWz4Sm_X7BZZUBZsY0w  密码: kb7d解压密码：说ps4内置不支持3t以上硬盘的别下。,动作类,True
18,317,2018-06-02,[5.05]《泰坦之旅 10周年重制版》中文版,5.05 泰坦之旅 中文 10周年重制版 by gz死神bleach您已评论，请查看如下隐藏内容哦！系统语言设置为简体中文。安装完后进入游戏报系统存档出错，选择修复系统存档即可跳过继续游戏。链接：https://pan.baidu.com/s/1pFP_uhxulN-kT7qOUdV95g  密码：iiqs解压密码：gz死神bleach感谢死神Dump󰄼 赞 38 赏󰄯 分享,动作类,True
19,316,2018-06-02,《生化危机7 黄金版》港版 繁体中文版,您已评论，请查看如下隐藏内容哦！这里转自：晴空烈日  5.00 生化危机7黄金版 港版繁中 1.01  https://pan.baidu.com/s/107Cc3iSpogxW1FLPtRXBKQ  密码：ge1w      解压：3d眩晕7看把你们惯的，感谢原作者。󰄼 赞 115 赏󰄯 分享,动作类,True
20,315,2018-06-02,《方舟公园 VR》港版 中文版,"手机发帖凑合看吧方舟 公园VR 港版中文  实机安装测试通过链接：https://pan.baidu.com/s/1n6t2_gGuivR47w3czt7j_g  密码：5rmq本资源由四公主折腾群一剑天提供，本次不加密,请感谢每一位无私的资源提供者!",动作类,True
21,314,2018-06-01,《舞力全开 2017》和《舞力全开 2015》中文版,https://pan.baidu.com/s/1zy6TpG23rFQF8BYWyxMCcg 密码8692转自极模wakaka感谢@Quiwasinge投稿和分享。舞力全开2015国行，解压密码luoo链接:https://pan.baidu.com/s/1ExBK6TiNplJJXDOSb6l05Q  密码:wipj解压密码更新了，感谢Alvin提醒,其他类型,True
22,313,2018-06-01,[5.05]《数码宝贝故事 网络侦探 黑客的记忆》中文版,您已评论，请查看如下隐藏内容哦！链接：https://pan.baidu.com/s/1h1Um4l_ZJaszqtgU8Vxgeg  密码：6xhh感谢本站热心朋友肥肥的喵辛苦DUMP和上传。转载请注明来源：www.ksohu.com，谢谢。 英文名称：Digimon Story Cyber Sleuth - Hacker's Memory游戏原名：デジモンストーリー サイバースルゥース ハッカーズメモリー游戏语言：中文(非国行)开发厂商：BNEI发行厂商：BNEI发售日期：2017-12-14本作舞台设定与前作《数码暴龙故事 网络侦探》相同，两个故事发生在同一个世界但本作主要叙述的是“《数码暴龙故事 网络侦探》的另一面”，主人公也顺理成章地换成了新角色，因为某个犯罪事件而被卷入黑客世界的少年。角色的人设则依旧由安田典生负责。而在《数码暴龙故事 网络侦探》中的“Digi-Farm”系统将会同样出现在本作中，超过320只数码兽将会在本作中登场。󰄼 赞 19 赏󰄯 分享,角色扮演,True
23,312,2018-06-01,[5.05]《旺达与巨像》中文版,您已评论，请查看如下隐藏内容哦！链接：https://pan.baidu.com/s/161LQWnzX1TZY-g6SYEpGwg  密码：5x5k感谢本站热心朋友肥肥的喵辛苦DUMP和上传。转载请注明来源：www.ksohu.com，谢谢。英文名称：Shadow of the Colossus / Wander to Kyozou游戏原名：ワンダと巨像游戏语言：中文(非国行)开发厂商：SIE发行厂商：SIE发售日期：2018-02-06《汪达与巨像》以独特的世界观及画风深得玩家赞赏，而且故事设定亦相当不俗，主要讲述主角汪达为了令少女起死回生，于是便决定去到远古之地寻找秘术，但同时亦得知必须解决当地的巨像遗民才可做到，因此汪达便策骑爱驱与巨像展开一场又一场的大战。󰄼 赞 95 赏󰄯 分享,动作类,True
24,311,2018-06-01,[5.05]《刀剑神域 夺命凶弹》中文版,您已评论，请查看如下隐藏内容哦！链接：https://pan.baidu.com/s/1BjfpahioJrIQs45MZOJuOQ  密码：of6z感谢本站热心朋友肥肥的喵辛苦DUMP和上传。转载请注明来源：www.ksohu.com，谢谢。 英文名称：Sword Art Online - Fatal Bullet游戏原名：ソードアート オンライン フェイタル バレット游戏语言：中文(非国行)开发厂商：BNEI发行厂商：BNEI发售日期：2018-02-08《SAO 夺命凶弹》是SAO游戏系列的最新作品，这次的游戏将以原作中GGO的世界观作为基础，让玩家体验第三人称角色扮演的游戏魅力。本作采用了第三人称设计+角色扮演的游戏方式进行，玩家在游戏中将会体验到高速的射击动作战斗。在游戏中会有原作中的多种枪械登场，桐人使用的光剑也会出现。故事方面，本作会以和动画版完全不同的原创新故事展开，其中亚丝娜和莉法等角色也会登场参战。不知道原作中“DeathGun”会不会出现呢？󰄼 赞 32 赏󰄯 分享,角色扮演,True
25,310,2018-06-01,[5.05]《钠克的大冒险2》中文版,您已评论，请查看如下隐藏内容哦！https://pan.baidu.com/s/1y3LzQkL2HIsAihp0E3_dtg  密码：4iok解压密码：莱恩克斯首次DUMP密码无误，经过测试。推荐用好压解压，感谢@tamakiramimy提醒。DUMP by rainxay，感谢。英文名称：Knack 2 / Knack - Futari no Eiyuu to Kodai Heidan游戏原名：KNACK ふたりの英雄と古代兵団游戏语言：中文(非国行)开发厂商：SIE发行厂商：SIE发售日期：2017-09-05《钠克的大冒险2》是《钠克的大冒险》的后续作，《钠克的大冒险》游戏中主角钠克由巴尔加斯博士开发，负责收集文物的工作。 通常状态是70cm左右的矮人，会透过捕获文物变得更大，最高可达10米。 游戏中的主角吸收到不同的物质，发出不受属性的攻击。󰄼 赞 22 赏󰄯 分享,动作类,True
26,309,2018-06-01,[5.05]《龙之皇冠 PRO》中文版,已打1.02补丁，已测试您已评论，请查看如下隐藏内容哦！链接: https://pan.baidu.com/s/1sPozxPTCd11LdWeN96PoAQ 密码: zu2e解压密码：外星人分享者：  badboyspy javascript:;赏󰄯 分享,动作类,True
27,308,2018-06-01,[4.55]《弹丸论破1+2 重置版》中文,BY gz死神bleach系统语言选繁体，装完进游戏提示系统存档错误，跳过即可正常游戏。您已评论，请查看如下隐藏内容哦！链接：https://pan.baidu.com/s/1pCWERh_qpR6LJGnDgtDC0Q 密码：un1h解压密码：gz死神bleachjavascript:;赏󰄯 分享,其他类型,True
28,307,2018-06-01,[5.05]NBA2K18 中文版（已测试）,感谢皮皮虾投稿：我是皮皮虾 我重新分享了 您已评论，请查看如下隐藏内容哦！2k18 链接：https://pan.baidu.com/s/15wzVoCkXmIW_yMMOfAiNJA  密码：opg5 密码：皮皮虾不走了感谢哥们有酒不爱喝的反馈，有简繁中文。感谢分享，原作者联系下哈。外国网盘。2K18 USA 版本 测试安装完毕 自带中文 https://filecrypt.cc/Container/8ED83A5CD1.html 󰄼 赞 44 赏󰄯 分享,体育竞速,True
29,306,2018-06-01,[5.05]《重力晕眩2》港版繁体中文 v1.11+DLC,您已评论，请查看如下隐藏内容哦！https://pan.baidu.com/s/1gTlS7Qiq0E5ZQHNg1xbs_w  密码：udfe密码见压缩包转自:BTX，感谢分享javascript:;赏󰄯 分享,动作类,True
30,304,2018-06-01,《战地4》中文版,感谢perry83920分享！！原文：战地4中文版 没密码...自行用Winrar和7Zip解压没问题.解压后直接PKG文件.希望大家喜欢!您已评论，请查看如下隐藏内容哦！链接：https://pan.baidu.com/s/1lSs6u6n-hp4sd65b_DDhLQ  密码：FL5P󰄼 赞 73 赏󰄯 分享,射击类,True
31,303,2018-06-01,《​真三国无双7帝国》中文版,简体中文，带1.01补丁您已评论，请查看如下隐藏内容哦！链接:https://pan.baidu.com/s/1NYQocKLn91SsMY6OOzKwYw  密码:t5xu 解压密码a7254感谢a7254的分享！！󰄼 赞 9 赏󰄯 分享,角色扮演,True
32,302,2018-05-31,[5.05]《光明之响 龙奏回音》中文版,您已评论，请查看如下隐藏内容哦！链接：https://pan.baidu.com/s/1NtLS1notrQoQKQxat-j6nA  密码：siip感谢本站热心朋友肥肥的喵辛苦DUMP和上传。转载请注明来源：www.ksohu.com，谢谢。英文名称：Shining Resonance Re:frain / Shining Resonance Refrain游戏原名：シャイニング レゾナンス リフレイン游戏语言：中文(非国行)开发厂商：Sega发行厂商：Sega发售日期：2018-03-29在2014年发售并博得好评的幻想RPG《光明之响》将登陆PS4！全高清、60fps的华丽画面将带来更棒的游戏体验。同时，本作还将收录原版中多达150种以上的DLC内容，其中包含角色的EX事件、追加迷宫、服装等。这就是可体验到所有内容的决定盘《光明之响 龙奏回音》。󰄼 赞 33 赏󰄯 分享,角色扮演,True
33,301,2018-05-31,[5.05]《V！勇者别嚣张R》繁体中文版（VR）,您已评论，请查看如下隐藏内容哦！链接：https://pan.baidu.com/s/1nAbzCdDkiO2R_U7GgCNgDQ  密码：tbbq含1.01补丁。感谢本站热心朋友肥肥的喵辛苦DUMP和上传。转载请注明来源：www.ksohu.com，谢谢。 英文名称：V! Yuusha no Kuse ni Namaikida R / No Heroes Allowed! VR游戏原名：V！ 勇者のくせになまいきだ R（ぶい！ ゆうしゃのくせになまいきだ りたーん）游戏语言：英文开发厂商：Acquire发行厂商：SIE发售日期：2017-10-17游戏类型：策略类本作预计将于17年年内发售，将是PS VR的独占作品。󰄼 赞 13 赏󰄯 分享,其他类型,True
34,300,2018-05-31,《镜之边缘 催化剂》中文版,Dump BY gz死神bleach，非常感谢分享解压密码：gz死神bleach链接：https://pan.baidu.com/s/1_G4iEytwZ7wlc8h1VjzItg  密码：uwbq,动作类,True
35,299,2018-05-31,《极品飞车20》中文版（密码待确认）,极品飞车20中文版链接：https://pan.baidu.com/s/1tXpu57Kw2CJRkZ0m5lWn9Q密码：orzj  解压密码：皮皮虾不走了感谢分享！密码不对？待确认！,体育竞速,True
36,298,2018-05-31,[5.05]《隐龙传：影踪》国行简体中文,链接：https://pan.baidu.com/s/11IQjjHoxStuWAai767W68g  密码：ievqDump by 我去年买了个表哈，感谢,动作类,True
37,297,2018-05-31,[5.05]《龙之信条 黑暗再临》港版 中文版,您已评论，请查看如下隐藏内容哦！链接：https://pan.baidu.com/s/1zuZ_ujrLfZ6R_iYGlvfBJg  密码：f26q解压密码 gz死神bleachDUMP By gz死神bleach，感谢分享！󰄼 赞 34 赏󰄯 分享,角色扮演,True
38,296,2018-05-31,[4.55]《信长野望创造战国立志传》港版 中文版,您已评论，请查看如下隐藏内容哦！链接：https://pan.baidu.com/s/1Y3omMMwXuQvTIwHcyWAfxA  密码：lo4d解压密码：gz死神bleach安装完进游戏提示系统存档出错，选不修复跳过，即可正常游戏。DUMP By gz死神bleach，感谢分享！󰄼 赞 14 赏󰄯 分享,其他类型,True
39,295,2018-05-31,[5.05]《最终幻想 纷争》中文版（已发布）,您已评论，请查看如下隐藏内容哦！链接: https://pan.baidu.com/s/1J2azTHFJbQ0G6uF7s909wA 密码: 644u预告：光明之響 汪達巨像 駭客記憶（刚发完纷争的预告，就发布游戏了，有点小任性……）感谢肥肥的喵辛苦DUMP和上传。。（当然，还在DUMP和UPLOADing）转载请注明来源：谢谢。󰄼 赞 50 赏󰄯 分享,格斗类,True
40,294,2018-05-31,[5.05]《恶灵附身2》中文版,您已评论，请查看如下隐藏内容哦！https://pan.baidu.com/s/1g8_F77ZdKf70QbQD8rr9PA  密码：nl85解压密码:speedfly英文名称：The Evil Within 2 / Psycho Break 2游戏原名：サイコブレイク2游戏语言：中文(非国行)开发厂商：Tango Gameworks发行厂商：Bethesda Softworks发售日期：2017-10-13《恶灵附身2》是由日本知名游戏制作人三上真司、以及由他所带领的TangoGameworks工作室所制作的一款恐怖生存游戏。感谢热心网友留言，请原作者联系我改来源。󰄼 赞 64 赏󰄯 分享,动作类,True
41,293,2018-05-31,[5.05]《菲莉丝的工作室 不思议之旅的炼金术士》中文版,您已评论，请查看如下隐藏内容哦！链接：https://pan.baidu.com/s/1zI9FIbqhSbGdRiU8czkDAw  密码：p0j2本站热心网友肥肥的喵提供。感谢。转账请注明来源，谢谢。󰄼 赞 18 赏󰄯 分享,角色扮演,True
42,292,2018-05-31,[5.05]《刺客信条 起源》港中 ,解压密码：gz死神bleach您已评论，请查看如下隐藏内容哦！链接：https://pan.baidu.com/s/1bThGyNOg_8MhX9Nr3XB3dg  密码：n0guDUMP BY gz死神bleach，感谢分享。󰄼 赞 70 赏󰄯 分享,动作类,True
43,291,2018-05-31,《蓝色映像 幻舞少女之剑》港版 繁体中文（双DUMP）,蓝色映像 幻舞少女之剑 港版繁体中文带1.01升级补丁您已评论，请查看如下隐藏内容哦！链接：https://pan.baidu.com/s/16dokR0x7AVORx371aFAQnw  密码：lq2rDumper 老玩家75，感谢您已评论，请查看如下隐藏内容哦！本站热心网友肥肥的喵DUMP版：链接: https://pan.baidu.com/s/1v9cmsgngOnj-7Vr0ZJjpVQ  密码: sxut（单PKG下载）󰄼 赞 15 赏󰄯 分享,角色扮演,True
44,290,2018-05-31,《街头霸王30周年》中文版,您已评论，请查看如下隐藏内容哦！ https://pan.baidu.com/s/1mn1rBV6fHRQOcdhKbTTiiA备用链接：https://pan.baidu.com/s/1W6KgXxgpgrb49BFxWRuiJg  密码：3118热心网友提供，请原作者联系下修改。󰄼 赞 59 赏󰄯 分享,格斗类,False
45,289,2018-05-31,[5.05]《真三国无双8》港版 中文版 v1.04,您已评论，请查看如下隐藏内容哦！链接：https://pan.baidu.com/s/1Q4qHDj53pS7FVgTXNEzRXQ  密码：N6X1密码见网盘来源：热心网友提供。原作者架空人格。󰄼 赞 159 赏󰄯 分享,动作类,True
46,288,2018-05-30,《神秘海域：失落的遗产》中文版 v1.08,您已评论，请查看如下隐藏内容哦！找了半天找到了神秘海域：失落的遗产了，之前链接挂了。盘https://pan.baidu.com/s/1Ts4dE8uZVN_gLif5U5bcew  密码nedo链接: https://pan.baidu.com/s/1fUR4r1Ltkoy0uA_qcASC2w 密码: pr7t解压缩密码:TheLastOfUs感谢作者eric，请原作者看到后联系下，修改来源。，请作者联系下。󰄼 赞 147 赏󰄯 分享,射击类,True
47,287,2018-05-30,[5.05]《圣剑传说2》中文版,您已评论，请查看如下隐藏内容哦！链接: https://pan.baidu.com/s/1qyPnON3Gc270OpJjnMHqWw  密码: gnef本站热心网友肥肥的喵提供。感谢。转账请注明来源，谢谢。󰄼 赞 51 赏󰄯 分享,角色扮演,True
48,286,2018-05-30,[5.05]《孤岛惊魂5》中文版,您已评论，请查看如下隐藏内容哦！链接：https://pan.baidu.com/s/1dgHfIfMtN9EstmkKmc3MRg 密码：e8au作者&解压密码：gz死神bleach英文名称：Far Cry 5游戏语言：中文(非国行)开发厂商：Ubisoft发行厂商：Ubisoft发售日期：2018-03-27《孤岛惊魂5》是一款第一人称射击游戏。《孤岛惊魂5》的可选元素十分新奇，包括“爬满恐龙的侏罗纪小岛”、“科幻风格的星球”、“1960年的越南”、“充满僵尸的死亡岛”、“造访吸血鬼”等等有趣的选项。󰄼 赞 91 赏󰄯 分享,射击类,True
49,285,2018-05-30,[5.05]《实况足球2018 》中文版,您已评论，请查看如下隐藏内容哦！链接：https://pan.baidu.com/s/1Ct-xxTSsUY6pApxoxShs0Q 密码：63hu英文名称：Pro Evolution Soccer 2018 / World Soccer Winning Eleven 2018游戏原名：ウイニングイレブン 2018游戏语言：中文(非国行)开发厂商：Konami发行厂商：Konami发售日期：2017-09-14采用FOX引擎打造，主打“真实控球”机制，增强画面，全面采用扫描建模，包括球员、光照、球场、观众、体育场，增加大量角色动画，根据用户操控改变作战的动态AI系统。来源于多玩转存，请原作者看到后联系我更改来源！来源：billy5208，感谢分享󰄼 赞 69 赏󰄯 分享,体育竞速,True
50,283,2018-05-30,[5.05]《人中北斗》港版 繁体中文版（已修正）,手机发的，地址多删了，感谢提醒！！您已评论，请查看如下隐藏内容哦！链接：https://pan.baidu.com/s/1crcb-BITS-NdA6VJhdZVPQ 密码：8502解压密码：如龙塞高经测试，密码无误！来源：热心网友提供如果你是作者请邮箱联系我更正。󰄼 赞 150 赏󰄯 分享,动作类,True
51,282,2018-05-30,[5.05]《FIFA18》中文版（6月3日修复了）,昨天就从多玩存了，然后因为5天禁转，也就没发，今天作者从贴吧给我留言了，然后这个资源又重见天日了。对了，无世界杯。您已评论，请查看如下隐藏内容哦！FIFA 2018 完整版，有的分享链接里面的压缩包不完整，重新分享一下：链接: https://pan.baidu.com/s/11FSYg4gUPpSSsHX_WPJzsw  密码: kq57󰄼 赞 72 赏󰄯 分享,体育竞速,True
52,280,2018-05-30,[5.05]《勇者斗恶龙11 追寻逝去的时光》中文版（2个DUMP）,您已评论，请查看如下隐藏内容哦！链接: https://pan.baidu.com/s/1bngduU-G146wU0HbHx78Ow 密码: x9x5解压密码：一夜倾城哈哈本站热心网友肥肥的喵提供您已评论，请查看如下隐藏内容哦！链接: https://pan.baidu.com/s/18mGRua-VGPTwTcNP76f1VA 密码: veft英文名称：Dragon Quest XI - Sugi Sarishi Toki o Motomete游戏原名：ドラゴンクエストXI 過ぎ去りし時を求めて游戏语言：中文(非国行)开发厂商：Square Enix发行厂商：Square Enix发售日期：2017-11-11SE在7月28日的DQ新作发布会上正式公开了《勇者斗恶龙11》，本作将登陆PS4和3DS平台，此外还确认会登陆任天堂的新机种NX。《勇者斗恶龙11》并非网游作品，但会增强网络联机要素。本作目前公开的2个版本的核心开发成员是相同的，PS4版的制作人是冈本北斗，3DS版的制作人则是横田贤人。PS4版采用虚幻4引擎制作，支持跳跃动作，怪物可见，视角也能360度旋转；3DS版则是上屏3D画面，由遥感控制移动选择，下屏幕为怀旧2D画面，由十字剑控制移动选择。来源：热心网友提供󰄼 赞 181 赏󰄯 分享,角色扮演,True
53,279,2018-05-30,[5.05]《初音未来 歌姬计划 未来音符DX》中文版（加入1.01补丁）,《初音未来 歌姬计划 未来音符DX 1.0 》港版繁中 本體https://pan.baidu.com/s/1qfMofNLiZg-9WrrKdEGNVg  密码: xnpm《初音未来 歌姬计划 未来音符DX 1.01 》港版繁中更新補丁修正Dump板 歌曲完整238 songs链接: https://pan.baidu.com/s/1pI7Pa,其他类型,True
54,278,2018-05-30,[5.05]《莉迪与瑟尔的工作室 不可思议绘画的炼金术士》中文版,您已评论，请查看如下隐藏内容哦！链接: https://pan.baidu.com/s/10qVlLDs25bgtSuh-8XOvIw 密码: xfz5MD5：c72ea504fa07aca74845cee1b1ddeb9b英文名称：Atelier Lydie & Suelle - The Alchemists and the Mysterious Paintings游戏原名：リディー＆スールのアトリエ 不思議な絵画の錬金術士游戏语言：中文(非国行)开发厂商：Gust发行厂商：Koei Tecmo莉迪与瑟尔的工作室 不可思议绘画的炼金术士本作中的两位主角是一对姐妹，她们在帮父亲经营一家经营不善的工作室，但在一个偶然的机会里两人进入了绘画里的世界，于是两人一边磨炼自己的炼金技术，一边为了让自家的工作室成为全国最棒而努力。主角家的工作室位于阿达雷特王国的首都梅尔威尤，那是一家小小的店铺。两姐妹从小和父亲住在这里，并梦想着“有朝一日，让店铺成为全国第一”。但事与愿违，姐妹两都还不成熟，而且梦想与现实呈现相反的情景，每日惨淡经营。有一天，两人发现了一幅画，画中有一个像梦一样的世界，里边的各种材料堆积如山。于是，两姐妹随着与画的相遇，开始追逐起自己的梦想。来源：多玩热心网友肥肥的喵󰄼 赞 58 赏󰄯 分享,动作类,True
55,277,2018-05-29,[4.55]《魔女与百骑兵2》中文版,您已评论，请查看如下隐藏内容哦！链接: https://pan.baidu.com/s/1K6aR9YVOHZDelauz-FeHPw 密码: y75dMD5：70569d308f24fd2248ea1be8a2210dfa解压密码见网盘文件夹名英文名称：Majo to Hyakkihei 2 / The Witch and the Hundred Knight 2游戏原名：魔女と百騎兵2游戏语言：中文(非国行)开发厂商：日本一（NIS）发行厂商：日本一（NIS）发售日期：2017-05-25《魔女与百骑兵》系列新作，继承前作在动作方面的爽快感。前作主角梅塔莉卡的故事已经落幕，本作魔女丘露卡和新的百骑兵的故事正式开幕。只有少女才会染上的不治之症——「魔女病'」，其额头上的第三只眼一旦完全觉醒，少女就会成为依存放肆欲望而不断破坏的「魔女」。在魔女病而荒废的幻想世界『凯瓦拉』，人们过着随时要提防魔女的胆怯生活。某处村庄里有一对姊妹——雅玛莉耶和米露姆，相依为命地生活着。 不料从森林里独自回来的米露姆，她的额头出现魔女病的征兆，物语由此展开……感谢本站网友提供！javascript:;赏󰄯 分享,角色扮演,True
56,276,2018-05-29,[5.05]《龙珠 战士Z》港版中文版（和欧版 英语版）,您已评论，请查看如下隐藏内容哦！转自极模论坛：分享者：黑夜七龍珠FighterZ 港版 自dump链接：https://pan.baidu.com/s/1VVWVX947ZPtTg9Xfihyngw  密码：h4fj转载请注明出处欧版：链接: https://pan.baidu.com/s/1tBAjtcVeOVdrH6RyYjcEXA 密码: e547MD5：2f0bc6f60786c754efb2546fd0dce2e7，3654cb08a457bf9e6066bdcefd97d834英文名称：Dragon Ball FighterZ游戏语言：欧洲语言开发厂商：Arc System Works发行厂商：BNEI发售日期：2018-01-26《龙珠 战士Z》由万代南梦宫授权《罪恶装备》开发商Arc System Works打造，是一款经典风格的横版2D格斗游戏新作。与《罪恶装备》系列类似，《龙珠 战士Z》主打3V3格斗。感谢本站网友提供！󰄼 赞 145 赏󰄯 分享,格斗类,True
57,274,2018-05-29,[5.05]《战神》中文版（添加MD5）,您已评论，请查看如下隐藏内容哦！链接: https://pan.baidu.com/s/1aBjX0lxIndGcdII5AzMXCQ  密码: yrvt解压密码：daj0668Benladen注：本人已亲自测试，一次解压成功。。。版本 1.0（新补丁需要5.50+）MD5从百度云获取的，供参考：1-98805473d6bb78aeaed0bcb8a650ff09ee07c586f29860081f493623a1439200eb772449684eb692ee7a8e96419b63426d788c840c0e0823ce2db708bd274286ad96bc6b20461438a400f2bdb8893397e518f6fd2ec54d85b22d4fae80c174c86b523f780d208e13e338c95a26c89818b7f48a48c62e82007d558f25fc5fab468f11ed0beece5a8bbddfb5e44787965a8关于提醒001解压错误，7z格式原因，不一定是001错误！！请看这个文章：http://www.ksohu.com/?id=275 必须5.05破解才能玩！！感谢网友提醒。来源：http://bbs.duowan.com/thread-46323407-1-1.html󰄼 赞 576 赏󰄯 分享,动作类,True
58,273,2018-05-29,[5.05]《如龙 极2》港版 中文版 1.06,您已评论，请查看如下隐藏内容哦！链接: https://pan.baidu.com/s/1xLlioS1uEo1IvZTjPhoaPA  密码: z8az解压密码：躺倒之龙来源：http://bbs.duowan.com/thread-46324323-1-1.html󰄼 赞 183 赏󰄯 分享,动作类,True
59,272,2018-05-29,[5.05]《Djmax Respect》日版（补丁+dlc）,您已评论，请查看如下隐藏内容哦！链接: https://pan.baidu.com/s/1xY3wYFRSRQNe_iJ_iXayMw  密码: m92zDjmax Respect 日版 1.06 本体+补丁+全dlc链接:https://pan.baidu.com/s/1LmRIpgNjAwd6xFmyWDRlxQ 密码:1abc来源：http://bbs.duowan.com/thread-46324404-1-1.html󰄼 赞 26 赏󰄯 分享,其他类型,True
60,271,2018-05-29,[5.05]《超级机器人大战X》中文版,您已评论，请查看如下隐藏内容哦！链接: https://pan.baidu.com/s/1cGwDz_1OsCUVe85B90ELsg 密码: b2n7MD5：5fc313dbbd3967208a87dfd11b3b2ba3英文名称：Super Robot Taisen X游戏语言：中文(非国行)开发厂商：BNEI发行厂商：BNEI发售日期：2018-03-29《超级机器人大战X》将带来更加优秀的游戏系统及画面。同时，本作将采用全新的世界观，就算是没有玩过《超级机器人大战》系列的玩家也可放心享用这一部完结的剧情。《超级机器人大战X》参战作品一览：无敌钢人泰坦3，圣战士丹拜因，圣战士丹拜因：New Story of Aura Battler Dunbine，机动战士Z高达，机动战士高达ZZ，机动战士高达：逆袭的夏亚，机动战士高达：逆袭的夏亚 贝托蒂卡的子嗣，机动战士高达F91，机动战士海盗高达：钢铁的7人，新机动战记高达W：无尽的华尔兹，魔神英雄传，高达G之复国运动，Buddy Complex，Buddy Complex完结篇，蓝宝石之谜，勇者特急，叛逆的鲁路修，CROSS ANGE：天使与龙的轮舞，真魔神Z篇，魔神凯撒，真魔神ZEROvs暗黑大将军，天元突破红莲螺岩，天元突破红莲螺岩剧场版：螺岩篇。来源：http://bbs.duowan.com/thread-46324378-1-1.html󰄼 赞 116 赏󰄯 分享,动作类,True
61,270,2018-05-29,[5.05]《怪物猎人 世界》繁体中文版（2.0版本！）,您已评论，请查看如下隐藏内容哦！链接：https://pan.baidu.com/s/1_JkpoNtKj-vvFUeD2DXjOw  密码：kO88补丁：链接: https://pan.baidu.com/s/1KKMGseYu_40QTzLsw3VVBA 密码: ejnwMD5在下面！游戏版本2.0，还不快更新。英文名称：Monster Hunter - World游戏语言：中文(非国行)开发厂商：Capcom发行厂商：Capcom发售日期：2018-01-26《怪物猎人 世界》将会踏足新的未知世界，玩家可以在这未知的大陆上冒险，而且本作不会像以往般「一格格」的地图，而是完全开放式地图，玩得更畅快。 玩家可以自由自在地在未知的世界中冒险，亦可以接下任务来赚取金钱或打装备。 有单机模式外，更可以连线上网合共最多4名玩家一同连线打任务。不多说，低调吧。感谢黎斗兄上传！来源：psvita破解群 黎斗（贴吧聖域）MD5：从百度云获取1、    38c2ebf70c1c61551346eaf91a58a588    2、    229ec59b9be68ff1d3b0886051edc19e    3、    e7774f7bac7972bfafa26286477fd736    4、    bd11ad137f0c8713222d8be30bd9b655    5、    4c2f1dc5de93e808be1d9aca46ae79d5    6、    ee0d45f688d5b60ba178deeeaa6a6445    7、    b0308bd04f8de1e641b8ffc63462538c    8、    6726e9542e3a28b8b204230824f94f9c    9、    694cd420b964ef6206a01f4c5993e263    10、    59fe5b568770b165e5a59784b7822e9e    11、    3b51791f695642bb161f39cfa55ddee3    12、    5c6d10111d60d91fdbc7e5c05e6c5bdf    13、    291864a03c26992146c7eb6eecb60b30    14、    a10ca59fc669e91e91bdd2c7ecb22c1d    15、    15dde15f84f995943b7133977051e765    16、    29f317f73d0ed34c84c7c8d704e72a11    17、    0da6df0875171978469b023fd940adad    18、    45d5c019f4dcaf7ef100d44a1ee5bbb9    19、    2d7288d87ee7243258a6b76abe2b6afc    20、    f27d57a22b23b5829445ac2843420d07    21、    9cb16f8d094a1bc9624a386c05f0b70e    22、    607003af3e1eb59d3981658671ebfa81    23、    d391b24e29ffcb0249006cfd64e87ec1    24、    d6ab247cedb3d6127dde07cc698408dd    25、    4c71dc229ce53457eff80186e32c0694    26、    34b67575395957a45b3e0394c15adadb    27、    dd70f4ebf80799f4c0e109c0d2a622af    28、    751f1448068c66654a802a5387870a49    1.06补丁    89ebb86bd6720cd2ca62338c175c6c05󰄼 赞 435 赏󰄯 分享,动作类,True
62,269,2018-05-28,[5.05]《英雄传说 闪之轨迹3》日文版,没文化了，失误。您已评论，请查看如下隐藏内容哦！链接: https://pan.baidu.com/s/1VDtz40Re3bMHCpw9njaYYA  密码: x4dp转自psvita破解群 Pi󰄼 赞 40 赏󰄯 分享,角色扮演,True
63,268,2018-05-28,《刺客信条 编年史 三部曲合集》中文版,您已评论，请查看如下隐藏内容哦！链接: https://pan.baidu.com/s/1EldwC3uE5FR56lf5SYB8jg  密码: mjnx英文名称：Assassin's Creed Chronicles / Assassin's Creed Chronicles Trilogy Pack游戏原名：アサシン クリード クロニクル游戏语言：中文(非国行)开发厂商：Ubisoft发行厂商：Ubisoft该作由Climax打造，同育碧蒙特利尔合作，玩家可游玩三个不同国家文化的刺客，包括明朝即将覆灭期间的中国刺客Shao Jun，锡克帝国与东印度公司交战期间的印度刺客Arbaaz Mir，以及十月革命之后的俄罗斯刺客Nikolai Orelov，三款作品包含独特的画风，剧情，但整体架构相联系。中国采用水墨风，印度采用鲜艳色彩风，俄罗斯采用宣传画风。《刺客信条 编年史 中国篇》，设定1526年的明朝，扮演中国兄弟会的最后一位刺客，从意大利回国展开复仇与重塑兄弟会行动，由Ezio传奇刺客训练。《刺客信条 编年史 印度篇》，设定1841年，锡克帝国与东印度公司交战期间，一位圣殿大师拿到一件本属刺客的神秘物件，刺客Arbaaz Mir必须重夺，同时保护他的朋友和爱人。《刺客信条 编年史 俄罗斯篇》，设定1918年的俄罗斯，Nikolai Orelov想离开他的家庭，不过还必须完成最后一项刺客任务，渗入被布尔什维克控制的沙皇家族，盗取一件刺客与圣殿所争夺的伊甸圣器，期间，他看到了沙盒的孩子被屠杀，设法拯救公主阿纳斯塔西亚，他必须保护伊甸圣器和公主，同时逃脱皇宫。《刺客信条 编年史》作品均为2.5D卷轴玩法，还包括支线任务，圣器收集元素，每位刺客为不同作战方法，武器，技能。来源：http://bbs.duowan.com/thread-46323367-1-1.html󰄼 赞 25 赏󰄯 分享,动作类,True
64,267,2018-05-28,[5.05]《舞之灵》（支持VR）中文版,您已评论，请查看如下隐藏内容哦！链接: https://pan.baidu.com/s/1KhY0yOvmU3-XClHeWERLhA  密码: 38qi来源：http://bbs.duowan.com/thread-46323269-1-1.html󰄼 赞 6 赏󰄯 分享,动作类,True
65,266,2018-05-23,《亚尔斯兰战记X无双》中文版,您已评论，请查看如下隐藏内容哦！链接: https://pan.baidu.com/s/1fy0X6hOkbBAxHO2NS2YgUg  密码: tpgh解压密码？？见文件夹的TXT，全复制。英文名称：Arslan Senki X Musou / Arslan - The Warriors of Legend游戏原名：アルスラーン戦記×無双游戏语言：中文(非国行)开发厂商：Omega Force发行厂商：Koei Tecmo游戏类型：动作类根据人气动漫《阿尔斯兰战记》改编的新无双游戏，原作为《钢之炼金术师》作者荒川弘和日本著名科幻小说家田中芳树合作的作品，讲述帕尔斯王国因邻国鲁西达尼亚入侵而亡国，王太子亚尔斯兰复辟国家的故事。来源：http://bbs.duowan.com/thread-46316257-1-1.html󰄼 赞 7 赏󰄯 分享,动作类,True
66,265,2018-05-23,《耻辱2》 港版 中文版,您已评论，请查看如下隐藏内容哦！链接: https://pan.baidu.com/s/13I6svrGDwzmvrZpn7agRcg  密码: 32cw解压密码：第一次自DUMP分享不喜匆喷英文名称：Dishonored 2游戏语言：中文(非国行)开发厂商：Bethesda Softworks发行厂商：Bethesda Softworks发售日期：2016-11-11游戏类型：射击类来源：http://bbs.duowan.com/thread-46298623-1-1.html󰄼 赞 8 赏󰄯 分享,动作类,True
67,264,2018-05-23,《蝙蝠侠 秘密系谱》中文版,您已评论，请查看如下隐藏内容哦！链接: https://pan.baidu.com/s/1Fs8fH5gmaE4CkDs-9aXqbQ密码: 9yh8解压密码：gz死神bleachBatman - The Telltale Series来源：http://bbs.duowan.com/thread-46315684-1-1.html󰄼 赞 7 赏󰄯 分享,动作类,True
68,263,2018-05-11,4.55 破解 4.70游戏 《极品飞车20：复仇》美版英文,您已评论，请查看如下隐藏内容哦！链接: https://pan.baidu.com/s/1F3Sz2O6qOOFJTuWvJIHH3A  密码: u98y解压密码：UpBySoftstar4.55选VR破解4.05应该选HEN+VR破解来源：http://bbs.duowan.com/thread-46300071-1-1.html󰄼 赞 3 赏󰄯 分享,体育竞速,True
69,262,2018-05-10,《RIGS-机械化战斗联盟 VR》英文版,链接: https://pan.baidu.com/s/1ErLES7UdGCg9FC1omkLgxw 密码: dmqh来源：http://bbs.duowan.com/forum.php?mod=viewthread&tid=46296091,射击类,True
70,261,2018-05-10,《苏菲的炼金工房 ：不可思议书的炼金术士》中文版,链接: https://pan.baidu.com/s/1SDBlIhBjKYjXbI2_K_uQ9Q  密码: 43uj来源：http://bbs.duowan.com/thread-46297257-1-1.html,角色扮演,True
71,260,2018-05-03,《VR卡丁车》英文版,链接: https://pan.baidu.com/s/1AiQUqF4MkslwFCJvo0sgRA  密码: izzj来源：http://bbs.duowan.com/thread-46288831-1-1.html,体育竞速,True
72,259,2018-05-03,《空中冲突 秘密战争》美版,链接: https://pan.baidu.com/s/1Z_yrE7M7m4mKAZ_zo38gBQ  密码: c7gg英文名称：Air Conflicts - Secret Wars游戏语言：英文开发厂商：U&I Entertainment发行厂商：U&I Entertainment发售日期：2017-04-04二战飞行模拟游戏《空中冲突 秘密战争》着重表现空中缠斗和逼真的视觉效果，并且支持多达8人的多人游戏模式。来源：http://bbs.duowan.com/t,射击类,True
73,258,2018-05-02,《吃豆人 锦标赛版2+街机游戏系列》英文版,链接: https://pan.baidu.com/s/10sJ6lKt23H_6z5ockL6tXA  密码: umee来自：http://bbs.duowan.com/forum.php?mod=viewthread&tid=46280484&extra=page%3D1%26filter%3Dauthor%26orderby%3Ddateline%26orderby%3Ddateline,其他类型,True
74,257,2018-05-02,《古墓丽影10》含v1.06补丁（添加英文语音及PS4Pro4K分辨率支持）,链接: https://pan.baidu.com/s/1w7qFUpgq3SHBdmTyVSoheA  密码: k3wa游戏解压密码：Alvin: 游戏已测试，放心玩补丁解压密码: 手上有高版本游戏的朋友请多分享游戏补丁来自：http://bbs.duowan.com/forum.php?mod=viewthread&tid=46278947&extra=page%3D1%26filter%3Dauthor%26orderby%3Ddateline%26orderby,动作类,True
75,255,2018-05-02,《地狱边境》简/繁体中文版,链接: https://pan.baidu.com/s/1Zd15Bbde2Po3To9uEQ9wdg  密码: zz7p来自：http://bbs.duowan.com/forum.php?mod=viewthread&tid=46281816&extra=page%3D1%26filter%3Dauthor%26orderby%3Ddateline%26orderby%3Ddateline,动作类,True
76,254,2018-04-23,《卡隆米亚 奥米加》英文版,链接: https://pan.baidu.com/s/1pUZ0sRK6KmuvQU03nkffdQ  密码: 4m9b英文名称：Kromaia Omega游戏语言：欧洲语言开发厂商：Kraken Empire发行厂商：Rising Star Games发售日期：2015-11-13基于Ogre Engine开发的一款画面绚丽的飞行射击类游戏。来源：http://bbs.duowan.com/thread-46271357-1-1.html,射击类,True
77,253,2018-04-23,《见证者》含中文版,"链接: https://pan.baidu.com/s/1megKGmjbhieq6Nb8NfBnAA  密码: q9em英文名称：The Witness游戏语言：英文开发厂商：Thekla, Inc发行厂商：JonathanBlow发售日期：2016-01-26JonathanBlow公司在PS4的发布会上公布了旗下的解谜游戏《见证者》（The Witness）登陆PS4平台的消息。本作是一款第一人称解谜游戏，玩家在游戏中需要解决很多复杂的迷宫。虽然是一款解谜游戏，但是在画面方面游戏",其他类型,True
78,252,2018-04-23,《终极版 漫画英雄 VS Capcom 3》美版 英文,链接: https://pan.baidu.com/s/16_FYNDPHL_DpaOUy79N2vg  密码: nad5解压密码：PSXHAX来源：http://bbs.duowan.com/thread-46272826-1-1.html,格斗类,True
79,251,2018-04-23,《进击的巨人》繁体中文版,链接: https://pan.baidu.com/s/16X8k4ecHNYwI8EOCo9UnhQ 密码: n95t解压密码：密码：这次有密码密码太皮了……来自：http://bbs.duowan.com/forum.php?mod=viewthread&tid=46272214&extra=page%3D1%26filter%3Dauthor%26orderby%3Ddateline%26orderby%3Ddateline,动作类,True
80,250,2018-04-20,《拳皇14》港版 中文版,链接: https://pan.baidu.com/s/10Nd7xuWVuHZJ3cO-bD_pQw  密码: iumy英文名称：The King of Fighters XIV游戏原名：ザ キング オブ ファイターズXIV游戏语言：中文(非国行)开发厂商：SNK Playmore发行厂商：SNK Playmore发售日期：2016-08-23《拳皇14》是系列的最新作品，也是游戏首次登陆PS4主机的作品，采用全3D的画面来为大家展现经典而熟悉的格斗游戏玩法。本次《拳皇14》讲述的是,格斗类,True
81,249,2018-04-20,《双截龙4》中文版,链接: https://pan.baidu.com/s/1HD3Zy69JGMacCQwoB0IM2Q  密码: pjfb英文名称：Double Dragon IV游戏原名：ダブルドラゴン IV游戏语言：日文开发厂商：Arc System Works发行厂商：Arc System Works发售日期：2017-02-08《双截龙》是 Technōs Japan 于 1987 年在大型电玩推出、之后移植到 FC 的动作游戏，叙述正义感十足的热血青年兄弟比利‧李（Billy Lee）与吉米,动作类,True
82,248,2018-04-16,《JOJO奇妙冒险 天堂之眼》中文版,链接: https://pan.baidu.com/s/1nd6y6PRNZRVLTcVQhVGGAA  密码: j79e英文名称：JoJo no Kimyou na Bouken - Eyes of Heaven / JoJo's Bizarre Adventure - Eyes of Heaven游戏原名：ジョジョの奇妙な冒険 アイズオブヘブン游戏语言：中文(非国行)开发厂商：CyberConnect2发行厂商：BNEI发售日期：2016-04-14继《JOJO奇妙冒险 全,格斗类,True
83,247,2018-04-16,《生化危机5》英文版,链接: https://pan.baidu.com/s/1zsMSFcRgzeu3ZIbQbd_TZg  密码: t4rv英文名称：Resident Evil 5 / BioHazard 5游戏语言：英文开发厂商：Capcom发行厂商：Capcom发售日期：2016-07-12故事发生在初代《生化危机》事件结束后的10年，从影像中来看克瑞斯的外貌已经变得相当成熟，而前作中故事的主线安布雷拉公司和STARTS小队也都已经不复存在，目前克瑞斯隶属于一个名为“BSAA”的组织，他也正是授命于,射击类,True
84,246,2018-04-16,《秋叶原妄想物语》（秋叶原之击)(中文版),链接: https://pan.baidu.com/s/1JCmXWhDEMYRi5QOYUgAZOA  密码: m4us解压密码9英文名称：AKIBA’S BEAT / Akiba's Beat游戏原名：AKIBA’S BEAT / アキバズビート游戏语言：中文(非国行)开发厂商：Acquire发行厂商：Acquire发售日期：2017-03-23《秋叶原之击》是《秋叶原之旅》制作组的新作，也是系列首个动作RPG。本作由《神圣之门》的高野康太担任监制，主題歌由ClariS担当,角色扮演,True
85,245,2018-04-12,PSV《新冰城传奇》、《桑塔 半精灵英雄》汉化版下载,这几个游戏是《新冰城传奇》、《桑塔 半精灵英雄》，还有之前发布了的《蒸汽世界 挖掘2》。《桑塔 半精灵英雄》汉化版 https://tieba.baidu.com/p/5650817559 《新冰城传奇》汉化版https://tieba.baidu.com/p/5650868116 PS4的桑塔半精灵英雄可以汉化移植了。实际上还有一个巨坑的汉化移植，幻舞少女之剑，和几个朋友研究多时，我打杂，最后字库为g1n格式，确实无能为力了，，希望有高手解决，，这个游戏移植了pc文本和字库，也修复了,其他类型,
86,244,2018-04-11,《横冲直撞4 癫狂》欧版 中文版,单PKG为升级补丁。链接: https://pan.baidu.com/s/1y8FjSiLL0IuxL_MTlFAICQ  密码: 9ty1英文名称：FlatOut 4 - Total Insanity游戏语言：欧洲语言开发厂商：Kylotonn Entertainment / Tiny Rebel Games发行厂商：PQube发售日期：2017-03-17作为经典系列，本次新作将由Kylotonn Entertainment以及制作《GTA》，《湾岸》，《生化奇兵》系列的厂商Ti,体育竞速,True
87,243,2018-04-11,《生化危机6》英文版,链接: https://pan.baidu.com/s/1ResoU_EPEhIfhZzdNMH57Q  密码: fu7x来源：http://bbs.duowan.com/thread-46253138-1-1.html,射击类,True
88,242,2018-04-10,《奇异世界 新塔斯特》英文版,链接: https://pan.baidu.com/s/1915oVzr2p89iZCuXPHJrBQ  密码: aqvs英文名称：Oddworld - Abe's Oddysee - New 'n' Tasty游戏语言：英文开发厂商：Just Add Water发行厂商：Oddworld Inhabitants发售日期：2014-07-22曾于1997年发售的高难度人气动作冒险游戏系列第一作《奇异世界 阿比逃亡记》。同作的全新重制作品《奇异世界 新塔斯特》将登,动作类,True
89,241,2018-04-09,PS4用PS2游戏《合金弹头合集》,链接: https://pan.baidu.com/s/1HOGpz7591Uqg_7nJXHk9lw  密码: ypj66 不能玩。经典游戏，适合双人。来源:http://bbs.duowan.com/thread-46174963-1-1.html,动作类,True
90,240,2018-04-09,《冥河 黑暗碎片》英文版,链接: https://pan.baidu.com/s/1EZ3VTo_rVNygNeRdA1MOvQ  密码: i4tv英文名称：Styx - Shards of Darkness游戏语言：欧洲语言开发厂商：Cyanide发行厂商：Focus Home Interactive发售日期：2017-03-14前作中，描绘了妖精“Styx”攻略カルト教徒的人们守护的Tower of Akenash的故事。在本作中，Styx也成功地潜入了被重重保护的黑暗精灵的首都Korangar，但是却发现,动作类,True
91,239,2018-04-09,《死侍》英文版,"链接: https://pan.baidu.com/s/1f8OKdnRdfh2PhARHVpBj2w  密码: 3wp8英文名称：Deadpool游戏语言：英文开发厂商：High Moon Studios发行厂商：Activision发售日期：2015-11-17死侍为Marvel公司创作的人气英雄,双武士刀和自动手枪是其标志性武器,而他本身也拥有金刚狼的自我修复能力,唯一的“缺点”就是满嘴废话。来源：http://bbs.duowan.com/thread-46252266-1-1",动作类,True
92,238,2018-04-09,《堡垒》英文版,链接: https://pan.baidu.com/s/1M3qA-oBBG5i3OZAiTkf53g  密码: gu5j英文名称：Bastion游戏语言：英文开发厂商：Supergiant Games发行厂商：Supergiant Games发售日期：2015-04-07《堡垒》是一个原创的动作角色扮演游戏，背景设定在一个郁郁葱葱的幻想世界中，玩家要为世界文明的最后幸存者而战，从过去留下来的残垣断壁基础上建立起一个全世界。玩家控制一个名叫Kid的小孩，在一场把世界分裂成大大小小的漂浮,动作类,True
93,237,2018-04-09,《堕落之王》国行 中文版,链接: https://pan.baidu.com/s/17ZBdaVwUUb-s--oFz6eCUA 密码: mue5英文名称：Lords of the Fallen - Complete Edition游戏语言：英文开发厂商：Deck 13发行厂商：City Interactive发售日期：2015-11-03《堕落之王 完整版》除了收录游戏本体外，还收录奖励战役“古代迷宫（the Ancient Labyrinth）”，在游戏中玩家将穿越一个“遗忘已久”的迷宫，充满了危险的谜题，,角色扮演,True
94,236,2018-04-08,《偶像大师 白金之星》中文版,建议用好压。密码见文件夹。链接: https://pan.baidu.com/s/1zJ5mJGpNcaP8udMgLYfn_w  密码: 83pr英文名称：The [email protected] - Platinum Stars游戏原名：アイドルマスター プラチナスターズ游戏语言：中文(非国行)开发厂商：BNEI发行厂商：BNEI发售日期：2016-09-28在本作中，依然是由所玩家操控的765新人监督的奋斗历程。故事的舞台是集训所，通过与13名偶像在生活中的深入交流，令演唱会获得成功，引导她,其他类型,True
95,235,2018-04-08,《猎鹰翱翔 VR》中文版,链接: https://pan.baidu.com/s/1F3byb6qFyQuHKeENw7A-TQ 密码: qkx9来源：http://bbs.duowan.com/forum.php?mod=viewthread&tid=46249478&extra=page%3D1%26filter%3Dauthor%26orderby%3Ddateline%26orderby%3Ddateline,动作类,True
96,234,2018-04-05,《空中冲突 双重包》英文版,链接: https://pan.baidu.com/s/1sHhbaBCLHBk5Sdab_B9xag  密码: vvwu英文名称：Air Conflicts Double Pack游戏语言：英文开发厂商：Kalypso发行厂商：Kalypso发售日期：2016-09-20本作收录了《空中冲突 太平洋航母》和《空中冲突 越南》2款作品。来源：http://bbs.duowan.com/thread-46246578-1-1.html,射击类,True
97,233,2018-04-05,《几何战争3 维度》英文版 v1.03,1.0本体：链接：https://pan.baidu.com/s/1wXaNqenTdVjZFwO7-W9NXg  密码：br301.03补丁：链接：https://pan.baidu.com/s/1DFgYc7LO7cqKLLI1_VFtMQ 密码：d34a来源：http://bbs.duowan.com/thread-46247159-1-1.html,射击类,True
98,232,2018-04-05,《反重力赛车 欧米茄合集》欧版,链接：https://pan.baidu.com/s/1a6zaOp-bRCDOhVORZFzsVQ  密码：rjmo之前发错，感谢网友提供英文名称：Wipeout - Omega Collection游戏语言：欧洲语言开发厂商：SIE发行厂商：SIE发售日期：2017-06-07整合《反重力赛车HD》《反重力赛车HD 狂暴》和《反重力赛车2048》的全部内容，将提供26个赛道和46款飞船，收录所有经典背景音乐并加入新曲目。来源：http://bbs.duowan.com/thread,体育竞速,True
99,231,2018-04-05,《红心与斜线》欧版 中文版,链接：https://pan.baidu.com/s/1eE3UQmzTFa0f9p3E-4LfXQ  密码：qdk6红心与斜线 欧版英文名称：Heart&Slash游戏语言：欧洲语言开发厂商：AHEARTFULOFGAMES发行厂商：PQube发售日期：2016-07-01《红心与斜线》是一款带有Roguelike要素的3D动作游戏 ，既融入了类似洛克人系列的世界设定，又有着猎天使魔女般的动作体验。在本作的世界中，人类早已经消失，只剩下无数的机器人在QuAsSy(质量保证系统,动作类,True
100,230,2018-04-05,《地下城2》中文版,链接：https://pan.baidu.com/s/17GerFt2V6jq0s9kCf8ajXg  密码：p5k0英文名称：Dungeons 2游戏语言：中文(非国行)开发厂商：Kalypso发行厂商：Kalypso发售日期：2016-05-24这款画面华丽的地下城策略游戏颇有过去《地下城守护者》的风格，不过相比后者专注于杂兵的管理，这款游戏更注重英雄的使用。来源：http://bbs.duowan.com/thread-46245561-1-1.html,角色扮演,True
101,229,2018-04-05,《Fate/Extella》中文版,链接：https://pan.baidu.com/s/1EaHklLNvx0GA1xFD9sMwAQ  密码：3s67密码见网盘文件夹英文名称：Fate/Extella / Fate/Extella - The Umbral Star游戏原名：Fate/Extella フェイト/エクステラ游戏语言：中文(非国行)开发厂商：Marvelous发行厂商：Marvelous发售日期：2016-12-15本作为动作类玩法，玩家将会操作英灵以一敌多，有点类似无双的类型，而英灵除了自己的武器外，也,动作类,True
102,227,2018-04-03,《巨浪》欧版 英文版,链接: https://pan.baidu.com/s/1qGNVoipDPb3d_7_qw0l0ig  密码: xke5英文名称：The Surge游戏语言：欧洲语言开发厂商：Deck 13发行厂商：Focus Home Interactive发售日期：2017-05-16游戏背景设定在一个“反乌托邦式”的高度工业化未来，人们反抗压迫的，为生存而战。来源：http://bbs.duowan.com/thread-46237034-1-1.html,角色扮演,True
103,226,2018-04-03,《尘埃4》 欧版 英文版,链接: https://pan.baidu.com/s/1ql-6eFJyeidKRMOwOiEQYA  密码: 5nyh来源：http://bbs.duowan.com/thread-46241240-1-1.html,体育竞速,True
104,225,2018-04-02,[原创]《厕所穿越记》中文版（已上传）,根据美版移植中文。之前没有玩过PSV版本，但感觉还是有些朋友需要，上午移植了下PSV官方中文文本。链接：https://pan.baidu.com/s/1Pv2bt0AnHkoCFmANA3GvXQ  密码：9284解压密码：www.ksohu.com 转载请注明来源，谢谢。,动作类,True
105,224,2018-04-02,《双重黑暗》美版 英文版,链接: https://pan.baidu.com/s/1GAGBBdnfNzXqXJdPf829NQ 密码: a4yp英文名称：2Dark游戏语言：英文开发厂商：Gloomywood发行厂商：Gloomywood《双重黑暗》是一款2D俯视角的恐怖游戏，玩家将扮演史密斯先生，从连环杀手的魔掌中拯救孩子，本作的画风及其诡异，这也让这款作品看起来与别的恐怖游戏有很大的不同。来源：http://bbs.duowan.com/thread-46232827-1-1.html,动作类,True
106,223,2018-04-02,《毁灭战士》中文版,链接: https://pan.baidu.com/s/12I2wM503v2DEk7DQzcGQMg  密码: jhu5解压密码：加微信号 billy5208 入微信PS4主机交流群英文名称：Doom游戏语言：中文(非国行)开发厂商：id Software发行厂商：Bethesda Softworks发售日期：2016-05-13由第一人称射击游戏和多人死斗模式的鼻祖级开发商Software所开发的《毁灭战士》，伴随着残忍的杀戮与现代的射击体验又回来了。冷血的恶魔，破坏力惊人的枪械，,射击类,True
107,220,2018-03-30,《逃生三部曲》欧版 英文版,链接: https://pan.baidu.com/s/1Z3gC26dIx1OB35fbG_CPuA  密码: mjmy英文名称：Outlast Trinity游戏语言：英文开发厂商：Red Barrels发行厂商：Warner Bros. Interactive Entertainment发售日期：2017-04-25这部实体版合集将会包含《逃生》、《逃生 告密者》和《逃生2》三部作品。《逃生》是在2013年发售的作品，而严格来说，《逃生 告密者》只是《逃生》的一款DLC，因此把这,动作类,True
108,219,2018-03-29,《罗宾逊 旅途 VR》 英文版,链接: https://pan.baidu.com/s/1x4TPHgR5p_OO9X7nJ6cc5w  密码: nygr《罗宾逊：旅途》是一款可以满足我们童年幻想的游戏。玩家在游戏中扮演了一位由于飞船失事坠落到一颗远古星球上的“罗宾逊”，与自己捡到的小恐龙一起踏上旅程，并在艰苦的环境中生存下来。   来源：http://bbs.duowan.com/thread-46236996-1-1.html,动作类,True
109,218,2018-03-29,《ABZU》欧版 中文版,链接: https://pan.baidu.com/s/1zGNnd5m4ZwcG3_yYqYUZYw  密码: pi8p英文名称：ABZU / ABZÛ游戏语言：欧洲语言开发厂商：Giant Squid发行厂商：505 Games发售日期：2017-01-27在《ABZU》中，玩家扮演一位对于自己一无所知的潜水员，你将在海底自由徜徉，游戏也包含剧情模式，无人机将为你指明大海的不同区域，随着你的探索，你会了解到你的身世，以及为什么你在海里，当然水下也有不少危险，比如来自大白鲨的追击。游,动作类,True
110,217,2018-03-29,《风之旅人》国行 中文版,"链接: https://pan.baidu.com/s/1N1-LiUL-u4y1SeQL6hfveA  密码: wpt7英文名称：Journey / Kaze no Tabibito游戏原名：風ノ旅ビト游戏语言：中文(非国行)开发厂商：旅途,旅,旅程发行厂商：SCE""快来进入《风之旅人》的游戏世界吧，这款第三方游戏来自大受赞誉的独立制作公司thatgamecompany，并由SCEA Santa Monica Studio为您呈现。PS4版《风之旅人》将以1080P/60帧",动作类,True
111,216,2018-03-29,《出击飞龙》美版,链接: https://pan.baidu.com/s/1pzxcyVyOT0_eWOY1sEk3Cw  密码: j75i英文名称：Strider / Strider Hiryu游戏原名：ストライダー飛竜游戏语言：英文开发厂商：Double Helix Games发行厂商：Capcom在SDCC 2013上，Capcom宣布经典街机游戏Strider的高清新作将于2014年初上市。游戏就简单叫做《出击飞龙》（Strider），由Double Helix开发，登陆平台PS4、Xbox O,动作类,True
112,214,2018-03-28,《生存档案 另一片天空》 美版 日英文版,链接: https://pan.baidu.com/s/1pMaSkxZNGvxG0K0dUkdvzQ  密码: r2fc3月29日修复压缩包。英文名称：Exist Archive - The Other Side of the Sky游戏语言：英文开发厂商：Tri-Ace发行厂商：Aksys Games发售日期：2016-10-18        本作以现代东京和异星普罗托雷库萨为舞台。成为寄宿着邪神之魂的不死之身的包括主人公在内的12位年轻人,角色扮演,True
113,213,2018-03-28,《阿斯塔布里德》美版 日英文版,链接: https://pan.baidu.com/s/1tk122w7S22MMeeK2pXfteQ  密码: ffg7英文名称：Astebreed游戏语言：英文开发厂商：Edelweiss发行厂商：Limited Run Games发售日期：2017-03-31        射击游戏《阿斯塔布里德》可以让玩家使用3种不同武器攻略游戏，而且还有加入配音，充满戏剧性的故事；以及会不断变化纵向、横向、第一人称等卷动方向的关卡设计。来源：http:,射击类,True
114,212,2018-03-28,《神界 原罪 加强版》英文版,链接: https://pan.baidu.com/s/1cgkVP6qtr_fxvneobsad9A  密码: tjir解压密码：Alvin: 游戏已测试，放心玩英文名称：Divinity - Original Sin Enhanced Edition游戏原名：ディヴィニティ オリジナル・シン エンハンスド・エディション游戏语言：英文开发厂商：Larian Studios发行厂商：Maximum Games发售日期：2015-10-27次世代版将会是最初的游戏「全面改造」后的作品。而,角色扮演,True
115,211,2018-03-28,《桑塔 半精灵英雄》英文版,"链接: https://pan.baidu.com/s/1szlpiSgNUQtgZ4p_ylG1mw  密码: r9xh英文名称：Shantae - Half-Genie Hero游戏语言：欧洲语言开发厂商：WayForward发行厂商：WayForward2D传统横版ACT类众筹游戏《桑塔 半精灵英雄》由负责《Mighty No.9》实际开发的Into Creates制作、预计将会登陆多个平台、画面在前作《桑塔与海盗的诅咒》的基础上又有很大提升,女主角桑塔依然拥有多种变身能力来应对",动作类,True
116,210,2018-03-28,《百战天虫 W.M.D》英文版,链接: https://pan.baidu.com/s/1Dy6tdZN9G8b_MkDknPUjHQ  密码: ggw9来源：http://bbs.duowan.com/thread-46234455-1-1.html,其他类型,True
117,209,2018-03-28,《海之号角 神秘海怪》简体中文版,链接: https://pan.baidu.com/s/1EPYNL3mW-GHWxPtzIgb4yw  密码: uemp英文名称：Oceanhorn - Monster of Uncharted Seas游戏语言：英文开发厂商：Cornfox & Bros.发行厂商：Cornfox & Bros.发售日期：2016-09-07本作是PC原版的完全重制，画面和技术上都经过全面革新，增加稳定性和高清画面表现力。多边形数量增加了4倍，材质清晰度也更高，增强物体细节和光影效果,动作类,True
118,208,2018-03-28,《轩辕剑外传 穹之扉》港版 繁体中文版,链接: https://pan.baidu.com/s/1mU6y3W8e2bcGZjJU7SWlLw  密码: 6z32解压密码：Alvin: 游戏已测试，放心玩英文名称：XuanYuan Sword - Gate of the Sky游戏语言：中文(非国行)开发厂商：大宇资讯发行厂商：搜狐畅游发售日期：2017-03-23主机版本方面除了对画面进行优化外，还调整部分系统内容、重制 UI 与操作、并会对剧情与文字的表现做相应的改动，让游戏更加的适用于主机的演绎与操作，让用户在不同的平,角色扮演,True
119,207,2018-03-27,《噗哟噗哟俄罗斯方块》欧版 英文,链接: https://pan.baidu.com/s/1N2GBABeS78q08LbuSdJ1wQ密码: pb54来源：http://bbs.duowan.com/thread-46232034-1-1.html,其他类型,True
120,206,2018-03-26,《恶灵进化》港版 中文版,最近在看PSV游戏，搞错了，哈哈……链接: https://pan.baidu.com/s/1D4uK0eM_K-FCeBnrPK4EeQ  密码: fzm6英文名称：Evolve游戏语言：中文(非国行)开发厂商：Turtle Rock Studios发行厂商：2K发售日期：2015-02-10游戏类型：射击类来源：http://bbs.duowan.com/thread-46231981-1-1.html,射击类,True
121,203,2018-03-24,《黑暗之魂3 年度版》港版 中文版,链接：https://pan.baidu.com/s/1OYRdfcVJa39FIFljWnZKyQ  密码：647w解压密码:年度版假的吧来源：http://bbs.duowan.com/thread-46229245-1-1.html,动作类,True
122,202,2018-03-23,[原创]《幽浮2》（Xcom 2）国行 简体中文版,链接：https://pan.baidu.com/s/1nUN4K1zDdC47fFpu1Q8dJA  密码：zg6q解压密码：www.ksohu.com转载请注明来源，谢谢。回合制射击，我也不感冒……Sfv校验用SFVNinja.exe，托放进去点all。压缩包带恢复记录，坏包可尝试修复。《幽浮2》是由Firaxis Games制作、2K Games发行的策略回合制单机游戏，游戏使用虚幻引擎4打造，画面精美，是《幽浮》系列的第二部作品。游戏中你将扮演成为人类指挥官，指挥手下士兵与外星,射击类,True
123,201,2018-03-23,《变形金刚 毁灭 / 变形金刚 破坏战士》中文版,链接: https://pan.baidu.com/s/1DwxE6BEeRYRLPrjig-G1Ng  密码: iefr英文名称：Transformers - Devastation游戏语言：国行开发厂商：PlatinumGames发行厂商：上海东方明珠索乐文化发展有限公司发售日期：2016-03-03游戏类型：动作类在《变形金刚 毁灭》中，玩家需要对抗威震天以及狂派发起的战争，游戏拥有相当快速的战斗系统，这意味着你可以瞬间完成机器人到汽车形态的转变，并能进行快速反击、连击等动作，通,动作类,True
124,200,2018-03-23,《 罪恶装备 未知次元 征兆》中文版,链接: https://pan.baidu.com/s/12BN3g1FTLFW3I0Bvh6cpWw  密码: tz9n英文名称：GUILTY GEAR Xrd -SIGN-游戏语言：国行开发厂商：Arc System Works发行厂商：SCE发售日期：2015-04-16游戏类型：格斗类《罪恶装备 未知次元 征兆》是以深具个性的角色与世界观、深奥的格斗系统和浓厚的摇滚风格深深掳获众多玩家之心的对战格斗游戏『GUILTY GEAR』系列最新作。除了保持系列作的手感之外，还引进了新的,格斗类,True
125,199,2018-03-23,《铁拳7》中文版,链接: https://pan.baidu.com/s/1GCrZlv7atk1L2U8G-syC6Q  密码: dbw1解压密码：扫二维码加入游戏免费共享交流群billy5208英文名称：Tekken 7游戏原名：鉄拳7游戏语言：中文(非国行)开发厂商：BNEI发行厂商：BNEI发售日期：2017-06-01来自：http://bbs.duowan.com/forum.php?mod=viewthread&tid=4622244,格斗类,True
126,198,2018-03-23,《高达 VERSUS》中文版,链接: https://pan.baidu.com/s/1bSwkFxk738OBYowLatKwnQ  密码: ecad解压密码：中华皂神分享英文名称：GUNDAM VERSUS游戏原名：GUNDAM VERSUS游戏语言：中文(非国行)开发厂商：BNEI发行厂商：BNEI发售日期：2017-07-06来源：http://bbs.duowan.com/thread-46227152-1-1.html,格斗类,True
127,197,2018-03-23,《噬神者 复活》 港版 中文版,链接: https://pan.baidu.com/s/1UDrlIcuMKvDbP0oRCQzgYQ 密码: g15w英文名称：God Eater Resurrection游戏原名：ゴッドイーター リザレクション游戏语言：中文(非国行)开发厂商：BNEI发行厂商：BNEI发售日期：2015-12-24来源：http://bbs.duowan.com/thread-46226170-1-1.html,动作类,True
128,196,2018-03-22,《无双全明星》港版 中文版,链接：https://pan.baidu.com/s/1LZpNSPRdLODGry4le7J_Ww  密码：EA1Y解压密码：中华神皂分享英文名称：Musou Stars / Warriors All-Stars游戏原名：無双☆スターズ游戏语言：中文(非国行)开发厂商：Omega Force发行厂商：Koei Tecmo发售日期：2017-03-30来源：http://bbs.duowan.com/thread-46226896-1-1.html,动作类,True
129,195,2018-03-22,《FIFA 17》、《FIFA 16》港版 中文版,FIFA17链接：https://pan.baidu.com/s/10IK6VSp3S_4ABMNZiL9F8A  密码：bp4y来源：http://bbs.duowan.com/thread-46226702-1-1.html FIFA16链接: https://pan.baidu.com/s/1owvEaZpJ3IZ9_JEYSNXiVw  密码: g4u7解压密码：多玩论坛遗忘的泪1制作上传来自：http://bbs.duowan.com/forum.php?mod=v,体育竞速,True
130,194,2018-03-22,《三国志13》中文版,https://pan.baidu.com/s/1LR8TtHbwl4ViDctCzmd2SA  密码：v7ka解压密码：健力士1991解压用好压试试。英文名称：San Goku Shi 13 / Romance of the Three Kingdoms XIII游戏原名：三國志13游戏语言：国行开发厂商：Koei Tecmo发行厂商：上海东方明珠索乐文化发展有限公司发售日期：2016-12-09来源：http://bbs.duowan.com/thread-46226742-1-1,其他类型,True
131,193,2018-03-22,《废土2 导演剪辑版》 英文版,链接: https://pan.baidu.com/s/1TAkQFlhlgSJ82WPZXKu0Hg 密码: ffwm解压密码: 游戏已测试，放心玩英文名称：Wasteland 2 - Director's Cut游戏原名：ウェイストランド 2 ディレクターズカット游戏语言：英文开发厂商：InXile Entertainment发行厂商：Deep Silver发售日期：2015-10-13来自：http://bbs.duowan.com/forum.php?mod=viewthread,角色扮演,True
132,192,2018-03-22,《荒神 Aragami》英文版,链接: https://pan.baidu.com/s/1UcSp1Iaqtm7MSjnpTEZl-g 密码: krhu解压密码：游戏已测试，放心玩英文名称：Aragami游戏语言：欧洲语言开发厂商：Lince Works发行厂商：Merge Games发售日期：2016-10-07玩家将操控一位可掌控暗影能力的刺客，游戏中还包括神秘少女由美子的超自然技能，玩家通过对抗光明军团可探寻主角与由美子的秘密。游戏包括多样化的战斗路线和战斗方式，打造专属游戏挑战。来源：http://bbs.duowan,动作类,True
133,191,2018-03-22,《战国无双4-II》港版中文版,链接: https://pan.baidu.com/s/1kaJ06Ba_pIZUa9P3dMfvqA 密码: e6ab解压密码：中华神皂分享英文名称：Samurai Warriors 4-II / Sengoku Musou 4-II游戏原名：戦国無双4-II游戏语言：中文(非国行)开发厂商：Omega Force发行厂商：Koei Tecmo发售日期：2015-06-25《战国无双4-2》继承了前作的世界观、背景设定。时值日本大名割据的战国时代，各路武士为了家族的未来，率领麾下的部队同日本各,动作类,True
134,190,2018-03-21,《火影忍者 究极风暴4 慕留人传》中文版,链接: https://pan.baidu.com/s/1UQB_rS1Dqw-XwJ9mNjlhwQ 密码: 1my2解压密码：扫描二维码加入游戏免费共享交流群billy5208来自：http://bbs.duowan.com/forum.php?mod=viewthread&tid=46221199,格斗类,True
135,189,2018-03-21,《幽灵行动 荒野（火线猎杀 野境）》港版 中文版,链接: https://pan.baidu.com/s/1n7VaemnlTihHhlLNQZ1oxA 密码: 4nss解压密码：多玩fkess《火线猎杀：野境（Tom Clancy’s Ghost Recon: Wildlands）》是育碧旗下热门系列作品“火线猎杀”的最新版，游戏又名《幽灵行动：荒野》。这一次玩家又接到了棘手的任务了，作为小队队长的你，必须指挥自己的小队秘密执行任务，打破贩毒集团与政府之间的肮脏交易，在这背后究竟又是谁在指使着这一切，一起进入游戏探寻真相吧！来自：http:/,射击类,True
136,188,2018-03-21,《火影忍者终极风暴三部曲》中文版,链接: https://pan.baidu.com/s/1nzP0ygl3cRRgxmk6oDMuLw 密码: patm解压密码：多玩中华神皂分享感谢提醒，1、2为日文，3为中文。英文名称：Naruto Shippuden - Narutimate Storm Trilogy / Naruto Shippuden - Ultimate Ninja Storm Legacy游戏原名：NARUTO－ナルト－ 疾風伝 ナルティメットストームトリロジー游戏语言：英文开发厂商：Cyber Connect2,格斗类,True
137,187,2018-03-21,《最终幻想12 黄道纪元》中文版,链接: https://pan.baidu.com/s/1vc_jJw60lLiSN_4ySo62WQ 密码: 3i1a解压密码：扫描二维码加入游戏内测群billy5208英文名称：Final Fantasy XII - The Zodiac Age游戏原名：ファイナルファンタジーXII ザ ゾディアック エイジ游戏语言：中文(非国行)开发厂商：Square Enix发行厂商：Square Enix发售日期：2017-07-13本作是PS2平台上《最终幻想12 黄道十二职业》的高清化版本，《最终,角色扮演,True
138,186,2018-03-20,《蝙蝠侠 阿甘VR》美版 英文版,https://pan.baidu.com/s/1rmkU7uJpyiHOY-yTeT0SmQ密码：6ptn|大小：                请您放心下载。                      英文名称：Batman - Arkham VR         游戏语言：英文         开发厂商：Rocksteady Studios         发行厂商：Warner Bros. Interactive Entertainment         发售日期：2016-10-11         《蝙蝠侠 阿甘VR》是由此游戏开发商Rocksteady和华纳兄弟及DC漫画合力打造的，将于今年10月13日首发登录PSVR，由PSVR独占。游戏中，玩家将扮演蝙蝠侠与往日宿敌小丑一决高下，通过布鲁斯韦恩和蝙蝠侠探索哥谭全新阿卡姆秘密，采用装备帮助蝙蝠侠的众多同盟角色。           来源：http://bbs.duowan.com/thread-46222609-1-1.html  󰄼 赞 4 赏󰄯 分享,动作类,True
139,185,2018-03-20,《直到黎明 血腥突袭 VR》港版 中文版,https://pan.baidu.com/s/1gcRe4RMfXqqUvfHNAm05PA密码：v4kd|大小：                请您放心下载。                      解压密码：多玩论坛遗忘的泪1制作上传         英文名称：Until Dawn - Rush of Blood         游戏语言：中文(非国行)         开发厂商：SuperMassive Games         发行厂商：SIE         发售日期：2016-10-13         《直到黎明 血腥突袭》将对应PS4的虚拟现实系统PS VR，本作是以《直到黎明》的世界观设定为基础的大型电玩风格射击游戏。游戏中玩家将搭上骇人的疯狂云霄飞车，透过身历其境的虚拟实境，以有别於传统电视萤幕的高度沉浸视点，进入众多熟悉的黑木森林场景，面对迎面而来的恐怖威胁！            来源：http://bbs.duowan.com/thread-46222375-1-1.html  󰄼 赞 0 赏󰄯 分享,射击类,True
140,184,2018-03-19,《我的世界 故事模式》欧版 简体中文版,链接:https://pan.baidu.com/s/1EHdbqODXbtB7WXngaYA20A 密码:ieah解压密码：www.ksohu.com未测试，请勿转载，待反馈后再转载，内附SFV校验。玩家扮演 Jesse 在 Overworld 世界展开冒险。Jesse 和小伙伴们在 EnderCon 发现了一个妄想毁灭像素世界的巨大阴谋，而能够解决事情的关键就是贯穿游戏剧情的秩序来源 - 秩序之石。为了确保 Minecraft 的像素世界能够和谐安定，他们踏上冒险旅程。游戏有四种职业：战士、,动作类,True
141,183,2018-03-19,[原创]《血源诅咒 老猎人》、《辐射4》最新补丁下载（未测试）,请备份存档后安装，我没有测试……测试了的请反馈下，谢谢。转载请注明来源，谢谢。辐射4 1.10补丁：辐射4 本体：http://www.ksohu.com/?id=1121.10补丁：链接：https://pan.baidu.com/s/18Ci2TTRnQnW1kSgnTm9Zbg  密码：hr5b血源诅咒 老猎人：老猎人本体：http://www.ksohu.com/?id=421.09补丁：链接：https://pan.baidu.com/s/1Ih6YuIkHdvuIV0T3Z,其他类型,True
142,182,2018-03-18,《夏日课堂》港版 繁体中文版（4.55）,4.55限定，4.05请使用HEN+VR模式。链接: https://pan.baidu.com/s/11OresNqGH2sGh1pahdTevw 密码: 7ubu解压密码：多玩紫子子十大分享《夏日课堂》是一款由BNEI旗下的《铁拳》制作团队Tekken Team负责开发的模拟游戏。玩家可以在游戏中体验在炎炎夏日中作为私人教师的快乐，该作画面出众，可谓虚拟女友良心之作。本作对应PS4专属的虚拟现实（VR）系统PS VR，使用PS VR强大的3D化景观和全方位代入感，实现了广大宅男可望而不可及的,其他类型,True
143,181,2018-03-17,《PS VR世界》港版 繁体中文版,链接：https://pan.baidu.com/s/1iRXFs9T5I126d-9NljvSWg 密码：e4r5解压密码：多玩论坛遗忘的泪1制作上传《PSVR世界》收录5款PS VR专用游戏，包括，360度黑帮火拼刺激枪战的《伦敦劫案（The London Heist）》，深入海底世界面对鲨鱼侵袭的《深海惊魂（Into The Deep）》，穿梭车阵的刺激旱地雪橇体验《旱地雪橇VR（VR Luge）》，以生死为赌注的科幻球赛《险中球生（Danger Ball）》，扮演外星寻宝猎人驾驶机器人战,动作类,True
144,180,2018-03-16,《菲斯 FEZ》繁体中文版,https://pan.baidu.com/s/1JElE87Bx0eYwinip908XyA密码：dbmi|大小：214M                请您放心下载。                      游戏版本：v1.02    解压密码：www.ksohu.com         由Polytron Corp.开发的，曾获得GDC 2012（游戏开发者大会）最佳独立游戏奖项的《Fez》是一款极具创意的利用视角的转换来改变关卡舞台，结合2D和3D的关卡的平台动作游戏全面展现游戏清新画面、复古音效背后创意玩法所能能给玩家带来的无限乐趣。     󰄼 赞 6 赏󰄯 分享,角色扮演,True
145,179,2018-03-16,《极品飞车18 宿敌》美版,https://pan.baidu.com/s/1AeQQMKKhJOOt0JfS4JOMYg密码：78cj|大小：                请您放心下载。                       《极品飞车18 宿敌》由寒霜3引擎打造，将于11月19日登陆PS3、XBOX360、PC平台，随后登陆PS4和XBOX ONE平台。EA保证，该作将为玩家带来“在绝对开放的环境下的车手和警察之间强度极高、刺激肾上腺素终极车战”。            来自：http://bbs.duowan.com/thread-46217594-1-1.html  󰄼 赞 0 赏󰄯 分享,体育竞速,True
146,178,2018-03-16,《国土防线 革命》英文版（文件可能有问题，勿下）,https://pan.baidu.com/s/1g4JEDFcAnELVhRmYycMFiA密码：rtys|大小：                请您放心下载。                      21文件可能有问题！！暂停下载         解压密码：不要问我密码，我也不知道密码，我就是为了卖点金币，要不没钱买其他资源了         《国土防线 革命》是《国土防线》的续作游戏将会有一些“全新的特性”，而且将目光的焦点转换到了新的角色和新的设定上。续作甚至不会采用同样的角色。游戏的故事发生朝鲜大军攻占美国4年后(《国土防线》的故事情节)，几个全新的游戏角色将为被战火吞没的费城街道上位自由而奋战。通过在开放世界中雇佣反抗军战士，使用游击战术，玩家将可以出其不意的打击占领军，并在对抗中渐渐居于上风。玩家可以靠自己单独来完成，也可以通过多人合作模式和其他玩家一起来走向成功之路。           来自：http://bbs.duowan.com/thread-46216952-1-1.html  󰄼 赞 2 赏󰄯 分享,射击类,True
147,176,2018-03-16,《瓦尔哈拉山 最终版》欧版 中文版,https://pan.baidu.com/s/1SHDZZZMfFQhs1R4eMq_9Tw密码：8t78|大小：请您放心下载。解压密码：www.ksohu.com文本包含简体和繁体中文。游戏类型为策略类。《瓦尔哈拉山》是以北欧神话为基础的城市建设模拟游戏，该作的灵感来自于《工人物语2》，由Thomas Houser率领团队采用虚幻4引擎开发，主要描述的是维京人在恶劣的山区环境中企图打造地球上的瓦尔哈拉。在北欧神话中，瓦尔哈拉即是天堂。而创意总监Thomas Houser以擅长构建经济系统和细腻的动画性而闻名。󰄼 赞 2 赏󰄯 分享,其他类型,True
148,175,2018-03-16,《少女射击 双剪刀 Gal*Gun Double Peace》 美版,https://pan.baidu.com/s/1c5SLY9pMjSdFoNPcDdRmMA密码：bwzw|大小：                请您放心下载。                 解压密码：www.ksohu.com   游戏文本含英文和日文。福利游戏，要什么中文^^，和谐和谐xxx。        SFV校验方法：.sfv 拖放到SFVNinja.exe，点all。         本作以前作故事1年舞的世界为舞台。除了有新女角及新1年级生登场外，还有多位2、3年级的新女老师登场，妹子总势达70以上!!在本作中，眼力也有了进一步的加强！居然可以进行透视!!使用新要素“透视镜”不仅可以看到藏在铜像、墙壁等障碍物后面的妹子，还可以看穿衣服。同时，长按射击键还可发动强力的“蓄力射击”。              󰄼 赞 3 赏󰄯 分享,射击类,True
149,174,2018-03-16,《WWE美国职业摔角联盟2K17》美版（已修正链接）,https://pan.baidu.com/s/1eBXOQriTEgPPy60pbbeBxA?密码：45xj|大小：                请您放心下载。                      密码：duowan.com         链接: https://pan.baidu.com/s/1eBXOQriTEgPPy60pbbeBxA 密码: 45xj         链接乌龙了。。。。。。。         《WWE 2K17》前来继承与卫冕旗舰级WWE电玩游戏系列冠军宝座，带来了撼人的画面、超写实的游戏内容以及最庞大的WWE与NXT高人气超级巨星和传奇巨星阵容。传奇WCW和WWE巨星Bill Goldberg在《WWE 2K17》登场，并向竞争对手使出「Spear and Jackhammer」绝招！ 他于1997年到1998年在WCW缔造了空前的173-0连胜纪录，带给粉丝们超大震撼，并创造了著名标语：「谁是下一个？」Goldberg收集了许多WCW和WWE的冠军头衔，包括WCW世界重量级冠军、WWE世界重量级冠军、WCW美国重量级冠军，以及和WWE名人堂巨星Bret Hart一起拿下的WCW世界双打队伍冠军。 他在WWE竞技场最后一次露面，是12多年前在WrestleMania XX对抗Brock Lesnar的那场比赛。            来自：http://bbs.duowan.com/thread-46217130-1-1.html  󰄼 赞 1 赏󰄯 分享,体育竞速,True
150,173,2018-03-15,《僵尸军团三部曲》英文版,https://pan.baidu.com/s/15Ox7RAPFpo4TuJ0C4Mz4ZQ密码：bjpb|大小：                请您放心下载。                      链接: https://pan.baidu.com/s/15Ox7RAPFpo4TuJ0C4Mz4ZQ 密码: bjpb         解压密码：买资源把金币花光了，我也要卖资源把金币赚回来         该作将通过数字发行，包含前两代，第三款新作，以及全新Horde模式。《僵尸军团》为《狙击精英》系列分支作，包含杀戮摄像机特点，第三部主要内容为对抗僵尸化元首率领的军团。            来自：http://bbs.duowan.com/thread-46216486-1-1.html  󰄼 赞 2 赏󰄯 分享,射击类,True
151,172,2018-03-15,《尘埃拉力赛》欧版 英文版,https://pan.baidu.com/s/1Gp2vfY_Ih5Hv_j3mxEEwQQ密码：9gss|大小：                请您放心下载。                      最近DUMP的游戏很少，发点英文的。         游戏收录超过40辆赛车，并包含6大拉力赛事，70个赛道，从瑞典到派克峰。更新了Racenet联盟支持。《尘埃拉力赛》中使用全新的物理引擎来模拟真实的赛车环境，这将令游戏充满挑战。本次玩家们将体验无比真实的拉力赛。在比赛中损坏的部件需要在中进行修理，不过一旦玩家在比赛开始就把车搞坏的话则会在很长一段时间内承担很大的负担。     󰄼 赞 1 赏󰄯 分享,体育竞速,True
152,170,2018-03-14,《Inside》繁体中文版,https://pan.baidu.com/s/1lmSwbEPzD-T9gCh7dB_OHg密码：ftf7|大小：                请您放心下载。                      《地狱边境》制作组公开了一款新作《Inside》，这款作品的风格和《地狱边境》极为相似，画面依然是走的黑暗味道，就连游戏的进行方式都看着非常相似，不过其画面明显立体感更强一点。         孤身一人并遭到追击，一个男孩发现自己深深陷入了一个黑暗计划。            来自：http://bbs.duowan.com/thread-46214497-1-1.html  󰄼 赞 8 赏󰄯 分享,动作类,True
153,169,2018-03-14,《闪乱神乐 沙滩戏水》港版 中文版,链接: https://pan.baidu.com/s/1PApiBgh0wWkPxTLCm30HZQ 密码: eagt解压密码：此游戏仅限内部交流谢绝转发到任何地方我就喜欢用7Z我就喜欢设密码怎么了billy5208“桃子沙滩戏水”是忍者世界自古以来就存在的谜之水枪大会，也是本作的主线剧情所在，本作将由全新的《闪乱神乐》故事，游戏中，双方将使用水枪进行爽快的组队战斗，不问善忍或恶忍的立场问题、禁止使用忍者的特殊能力，以大会规定的水枪来一决胜负。武器包括了双手枪、加特林重机枪、狙击步枪等各种形态,射击类,True
154,168,2018-03-14,《真三国无双 英杰传》中文版,https://pan.baidu.com/s/1q7YrMML7Pz6lKxuJisB1GA密码：stiq|大小：                请您放心下载。                      解压密码：无法解压的吐槽的太多了本来不想发的这个答应群里的朋友的怕无法解压的同学还是别下载了billy5208         游戏类型：策略类         本作由Omega Force开发，总制作人为铃木亮浩，制作人为宫内淳。主角是赵云，与友人雷斌一同前往祠堂的时候发现了在冰柱中沉睡的神秘少女黎霞。系统为走格子的SRPG，因为是无双所以是以武将为一个战斗单元，并且有大量的杂兵。本作是因为希望挑战新的领域，从去年就开始开发，做出了这个和动作游戏完全不同的SRPG。因为做成了SRPG所以需要的计算量也大大减少，可以有更多的士兵数量来表现出动作游戏所特有的充满魄力的战斗演出。本作在三国演义的基础上增加了幻想要素，并且为了避免变成言情故事而加入了赵云的发小雷斌，而黎霞是从别的世界来的角色，对这个世界一无所知。因为赵云是主角，所以主要登场的武将以蜀国武将为中心。但毕竟还是三国无双，所以希望能加入晋的武将，但不可能全员。登场武将之间会有特别的对话事件，并且能够成为同伴。系统还是非常正统的SRPG，有世界地图和战斗区域，并且也是回合制的游戏。每个角色的朝向和控制领域也是游戏要素之一；根据武器的不同，攻击范围也不同，行动是COST消耗制，有时可以得到EX技能。本作的人物培养是技能季度，可以让人物培养具有多样性。作为Omega Force第一个SRPG，将在游戏中进行各种各样的挑战。            来自：http://bbs.duowan.com/thread-46214272-1-1.html  󰄼 赞 4 赏󰄯 分享,其他类型,True
155,167,2018-03-14,《剑风传奇无双》港版 繁体中文版,https://pan.baidu.com/s/1X4NmLPJ52qmouVbitjsaiw密码：a2ke|大小：                请您放心下载。                      4.55适用，4.05请使用HEN+VR安装和打开。        解压密码：中华神皂分享         从1989年开始连载至今的长篇黑暗幻想系漫画《剑风传奇》，已被TV动画化过的此大作终于和光荣的《无双》系列达成联动！号称史上最凶无双的《剑风传奇无双》将登陆PS3、PS4、PSV！游戏本作中将采用△键来还原原作的大多数战斗动作演出，而格斯的“大炮”会随着故事的推进而解锁。游戏中还能够穿着“狂战士甲胄”进行战斗，穿上后角色的动作也会发生变化，还有和大型BOSS战斗的场面。本作故事方面收录从最初的“黑色剑士篇”、“黄金时代篇”、“断罪篇”、“千年帝国之鹰篇”、以及最新的“幻造世界篇”，游戏中还将加入在2012年推出的剧场版的全映像。目前已确认的参战角色为格斯、格里菲斯、史尔基，战斗场景包括剑之丘、佐德之间、魔女之馆、巴兹索城。            来自：http://bbs.duowan.com/thread-46214334-1-1.html  󰄼 赞 8 赏󰄯 分享,动作类,True
156,166,2018-03-13,《鬼泣 终极版》英文版,https://pan.baidu.com/s/1SSUhcndKgKXqe-grJB6jtg密码：bsdm|大小：                请您放心下载。                      密码：to王MM         Devil May Cry: Definitive Edition 制品版 (日英文版)         在这个广受好评的动作游戏中，Definitive Edition会提升到1080p 60fps 的画面水平，并包括新的特色及所有原本的下载内容。与多达八个独特武器组成型格组合。在传奇性重生的Devil May Cry系列本作中与Dante及Vergil 横越Limbo的邪恶世界。            来自：http://bbs.duowan.com/thread-46190269-1-1.html  󰄼 赞 0 赏󰄯 分享,动作类,True
157,165,2018-03-13,《东京幻想乡eX+》中文版,https://pan.baidu.com/s/1sWV2QFoBfUxfeRiqOL-Www密码：awkf|大小：                请您放心下载。                      4.05未测试。解压密码：多玩中华神皂分享         《东京幻想乡eX+》在原作的基础上追加本篇之后的故事内容，同时还会有新的可用角色加入，另外还有全新的カラミティ最高难度可供玩家选择。而要素方面也会加入新的限时战以及BOSS连战的内容。《东京幻想乡》是以“东京”为舞台的现代剧，玩家将会在东京郊外的多摩地区以架空的都市“社宫市”展开剧情。游戏分为现代部分和异界部分，现代部分中玩家将可以在学园和商店等设施之间进行探索从而发展事件推进剧情。            来自：http://bbs.duowan.com/thread-46212771-1-1.html  󰄼 赞 1 赏󰄯 分享,角色扮演,True
158,164,2018-03-12,《最终幻想15》国行 简体中文版（4.05/4.55）,https://pan.baidu.com/s/1LhLuUhcxdYR8elq1-2QmPw密码：8t93|大小：请您放心下载。适用4.55破解，注意。来自http://bbs.duowan.com/forum.php?mod=viewthread&tid=46212728&mobile=2󰄼 赞 7 赏󰄯 分享,角色扮演,True
159,163,2018-03-12,《异化 Alienation》中文版,https://pan.baidu.com/s/1POcV00DGU3ATNoviLP9RNQ密码：t7eb|大小：                请您放心下载。                      在本作中玩家将可以体验到类似于科幻版的《暗黑破坏神》，在执行任务击败各种变异生物的同时会收集到各种随机数值的装备，同时三种职业也有着自己的天赋技能可以让玩家进行配搭。            来自：http://bbs.duowan.com/thread-46211294-1-1.html  󰄼 赞 4 赏󰄯 分享,射击类,True
160,162,2018-03-12,《绝地潜兵 HELLDIVERS》中文版,https://pan.baidu.com/s/1Z0kbf8hD89BTKfPWtrkuXg密码：psry|大小：                请您放心下载。                      绝地潜兵是一款由Magicka制作团队开发，使用操作杆操作游玩的合作式射击游戏。极具挑战性且耐玩度高。玩家将扮演精英部队“绝地潜兵”的一员，与其他玩家并肩作战。投身银河之战中保护超级地球，打倒敌人。            来自：http://bbs.duowan.com/thread-46211298-1-1.html     󰄼 赞 0 赏󰄯 分享,射击类,True
161,161,2018-03-12,《实况足球2017》中文版（无水印）,https://pan.baidu.com/s/1MspbhrpIf3d9Avf9CRsZmQ密码：tx56|大小：15.8G请您放心下载。无水印版为无左下角二维码。来自：http://bbs.duowan.com/thread-46209204-1-1.html󰄼 赞 1 赏󰄯 分享,体育竞速,True
162,160,2018-03-12,《重装机兵雷诺斯 Assault Suit Leynos》美版 英文版,https://pan.baidu.com/s/13AGleAZi7c4xaXLnXXnXNg密码：devx|大小：请您放心下载。《重装机兵雷诺斯》是最早于1990年出现在MD主机上的一款机器人动作射击游戏，它在当时受到了广大玩家的追棒。2015年，在保留充满戏剧性的故事情景及紧密的游戏性的同时，面向PS4进行了高清重制。来自：http://bbs.duowan.com/thread-46210812-1-1.html󰄼 赞 0 赏󰄯 分享,射击类,True
163,159,2018-03-12,《秋叶原之旅2》港版 繁体中文版,https://pan.baidu.com/s/10YxMeJgc-NqEuDh0u6nOrw密码：8ex1|大小：请您放心下载。PS4版本可玩性提升，整体画面质量提高，另外读盘时间缩短，在街上行走的NPC的人数增加，使其更接近现实中的秋叶原。“视觉编辑器”解禁，利用“视觉编辑器”功能，做出属于自己的风景。将秋叶原的街道使用电脑空间展现出夏天傍晚一样的气氛，来体会别开生面的秋叶原。收费&免费DLC + CLEAR特典全部保留，收费配信中的女主角们的泳装套装，PS4版会从最初收录，另外收费&免费的DLC几乎全部都有。解禁后“チビキャラ模式”，在PS4版中可以一开始就使用。PS4的实况功能全部利用！拥有让观众也能享乐的要素，在玩家危机的时候观众可以选择“帮助”，游戏中出现拥有超级强大的装备包裹妹妹，同时收看者选择“panty JUMP”的话，在街上落下的“胖次”将会飞起来，类似这样的傻瓜要素也一并存在，使收看者一起享受游戏。来自：http://bbs.duowan.com/thread-46211323-1-1.html󰄼 赞 1 赏󰄯 分享,动作类,True
164,158,2018-03-11,《乐克乐克 重制版》中文版,https://pan.baidu.com/s/1LoJNJt8vvrrT8N6tSv9TTg密码：afzc|大小：                请您放心下载。                      和平的乐克乐克世界受到了讨人厌的毛杂大军的侵袭！这些邪恶的外太空生物要来夺取乐克乐克土地上绽放的花朵、活泼的生物和祥和的景致。你必须指引乐克乐克穿越超过40道的斜坡、跷跷板和迷宫般的通道。乐克乐克具有变换形状融入周遭环境的不可思议的力量，你只需要让这些圆滚滚的快乐生物们倾斜、滚动、弹跳至安全的地方就可以了。           来自：http://bbs.duowan.com/forum.php?mod=viewthread&tid=46210474 󰄼 赞 1 赏󰄯 分享,其他类型,True
165,157,2018-03-11,《战国无双 真田丸》港版 繁体中文版,https://pan.baidu.com/s/1SAZ5FoZaImVPTVJHFUfsdA密码：7hb7|大小：                请您放心下载。                      解压密码：多玩中华神皂分享        本作以真田家为中心，描写在战国时代真田幸村长达48年的人生。其中包括真田幸村的少年期、青年期、壮年期，带有外貌上的变化(幼年期CV斉藤佑圭、壮年期CV草尾毅）。使用曾在大河剧《真田丸》中使用过的《信长之野望 创造》3D地图的逆向输入数据，并将在战况说明时登场。            来自：http://bbs.duowan.com/forum.php?mod=viewthread&tid=46210448 󰄼 赞 4 赏󰄯 分享,动作类,True
166,156,2018-03-10,《无夜国度（无夜之国）》港版 繁体中文版,https://pan.baidu.com/s/1BIv6cS81aavU3nuFE2Aa8w密码：36j6|大小：                请您放心下载。                      解压密码：中华神皂         本作是由《零》系列制作人菊池启介与GUST联手带来全新RPG作品，有着特色的“从魔”系统。玩家在战斗中将会边指挥“从魔”边利用“魔剑”进行战斗，而麾下的“从魔”是可以通过契约逐渐增多的。阿娜丝拥有着能与邪妖签订契约的特殊能力，与其签下契约的邪妖被称为“从魔”，暂时可以知道的是召唤“从魔”将需要一种“凭依”道具，“从魔”也将分为攻击型和支援型两种类型，战斗中一次性最多可以召唤4个“从魔”，根据所携带的“从魔”组合不同，阿娜丝的战斗方式也会有相应的变化哦！            来自：http://bbs.duowan.com/thread-46209150-1-1.html  󰄼 赞 4 赏󰄯 分享,角色扮演,True
167,155,2018-03-10,《街霸5》中文版,https://pan.baidu.com/s/1fiye9LjT9uePZXHlL1bMhQ密码：8429|大小：                请您放心下载。                      链接:https://pan.baidu.com/s/1fiye9LjT9uePZXHlL1bMhQ 密码:8429         感谢提醒，下面全部复制为密码→密码：没有密码         《街头霸王5》预定2016年登陆PC和PS4平台，繁体中文版已经确认将同步推出。5代中取代了前作“拯救打击”系统的是被称为V系统，超必杀和EX技也因此而融为一体，借助V系统，每名角色都拥有自己独特的玩法，例如隆可以做到类似3代中的Block。       来自：http://bbs.duowan.com/forum.php?mod=viewthread&tid=46208773 󰄼 赞 3 赏󰄯 分享,格斗类,True
168,153,2018-03-09,《这是警察 This Is the Police》欧版 繁体中文版,4.55适用。      https://pan.baidu.com/s/1y5uybltJyYEFx4CCTN6Erw密码：29j7|大小：1.2G                请您放心下载。                      《这是警察》是一款集合策略/冒险元素的警察管理类游戏，你的目标很明确，在杰克退休之前的180天内获得50万。游戏采用独特的画风来讲述混沌之城中的黑暗故事，而作为警长你需要随着事件推进不断地做出选择。            来自：http://bbs.duowan.com/thread-46208332-1-1.html     󰄼 赞 0 赏󰄯 分享,其他类型,True
169,152,2018-03-09,《拳皇 14》英文版,https://pan.baidu.com/s/1fPyqT7HVwLhR3ZddXihngQ密码：m8rr|大小：14.8G                请您放心下载。                      《拳皇14》是系列的最新作品，也是游戏首次登陆PS4主机的作品，采用全3D的画面来为大家展现经典而熟悉的格斗游戏玩法。本次《拳皇14》讲述的是全新的故事篇章，预定收录新老角色超过50名，而且将延续传统的3对3组队对战，加入时下标准的网络联机功能。系统方面将会导入全新能够代入连招的「巅峰取消」、发动后能够施展EX必杀技的「新MAX模式」，还有让神兽也能够轻松连招的RUSH操作要素。另外游戏还准备了故事模式、训练模式、任务模式以及鉴赏的内容，让玩家能够全方位的体验格斗魅力。            来自：http://bbs.duowan.com/thread-46153647-1-1.html     󰄼 赞 0 赏󰄯 分享,格斗类,True
170,151,2018-03-09,《生化危机4 高清重制版》英文版,https://pan.baidu.com/s/1ZbEuBSm-JmK6qHys5nZF3Q密码：watv|大小：                请您放心下载。                      《生化危机4》故事发生在2004年，即“生化危机2”六年后，由于各新闻媒体争相报道Umbrella公司在拉昆市的地下研究所，制作的T病毒早前泄漏导致陷入生化的危机。连串的负面新闻导致公司股票价格笔直暴跌。美国联邦政府在各国政府的压力下暂停Umbrella公司的业务，其后公司便宣告破产，所有地下研究中断，T病毒的传播得以停止。            来自：http://bbs.duowan.com/thread-46147859-1-1.html  󰄼 赞 3 赏󰄯 分享,射击类,True
171,150,2018-03-09,《使命召唤11：高级战争》英文版,https://pan.baidu.com/s/1KMW4mRb29W_NsUyPe1d7dQ密码：a12j|大小：请您放心下载。我很少放英文资源，忘大家见谅，如果有好的游戏，可以留言推荐给我。《使命召唤11》的剧情主要围绕以“凯文史派西”为首的佣兵集团对抗美国，甚至对抗全世界为主题展开，玩家扮演的就是这个佣兵集团中的一个精英，当然本着“美国必胜”的精神出发，我们相信这个剧情最终一定会被逆转，玩家们终归还是要为了捍卫正义而战斗到底。来自：http://bbs.duowan.com/thread-46189701-1-1.html󰄼 赞 2 赏󰄯 分享,射击类,True
172,148,2018-03-08,《舞力全开 Just dance 2016》英文版,https://pan.baidu.com/s/1dDzcaM 密码:v2bjpart9用winrar修复下。然后改成part9的原名字。解压密码见txt，全复制。看到有人问，先贴上来吧，之前多玩有人发，忘了来源，，怎么办，，先感谢下，，,其他类型,True
173,147,2018-03-08,《霜雪 RIME》英文版,https://pan.baidu.com/s/1s_hvz6gJ33Zjzx-gmVCKrw密码：nu7h|大小：                请您放心下载。                      《霜雪》是一款冒险解谜游戏，玩家在游戏中将化身为落难的少年，因为遭遇暴风雨，漂流到一个神秘的孤岛。过程中，玩家要靠着机智解开重重难题。            来自：http://bbs.duowan.com/thread-46206986-1-1.html    󰄼 赞 0 赏󰄯 分享,动作类,True
174,146,2018-03-08,《真人快打XL》英语版（修复链接）,https://pan.baidu.com/s/1hEE-Bw95IH9aHSTHbuWiTg密码：bdxf|大小：                请您放心下载。                      畅销的格斗游戏作品。游戏收录了系列前作各个时期作品中的角色和场景，允许玩家自定义连续技，组队战中还有特殊的连续技。此外角色还有“X光”技能，命中对手后能看到其身体内部的伤害状况，比如肝脏破裂，神经错乱、肌肉骨折等。            来自：http://bbs.duowan.com/thread-46207215-1-1.html 󰄼 赞 4 赏󰄯 分享,格斗类,True
175,145,2018-03-08,《最后的修补匠：彩色之城》英文版,https://pan.baidu.com/s/1uoAqExKKVt13BVe57CUbOQ密码：uxd8|大小：                请您放心下载。                            来自：http://bbs.duowan.com/forum.php?mod=viewthread&tid=46207156  󰄼 赞 0 赏󰄯 分享,动作类,True
176,144,2018-03-08,《死或生沙滩排球3》 繁体中文版（增加1.16版本）,https://pan.baidu.com/s/1FzAM-18AoJlDYYLzb1j3vQ密码：tbex|大小：请您放心下载。上面为1.16版本。老版本：http://www.ksohu.com/?id=13来自：https://tieba.baidu.com/p/5583411431󰄼 赞 3 赏󰄯 分享,动作类,True
177,143,2018-03-08,《闪乱神乐 夏日对决 少女们的选择》港版 繁体中文版,https://pan.baidu.com/s/1A0goQkDkheCs5tJWeDCKyg密码：vh4f|大小：                请您放心下载。                      解压密码：深沉的肥皂            来自：http://bbs.duowan.com/forum.php?mod=viewthread&tid=46206538  󰄼 赞 2 赏󰄯 分享,动作类,True
178,142,2018-03-08,《黑暗之魂2 原罪哲人》港版 繁体中文版（加入1.02版本）,https://pan.baidu.com/s/1an4EcgNcTXdifZIOrLuGnw密码：ahnr|大小：                请您放心下载。                 已通知作者争取只提出补丁，这样就不用再下1.02版本了。      来自：http://bbs.duowan.com/forum.php?mod=viewthread&tid=46206324 󰄼 赞 2 赏󰄯 分享,动作类,True
179,141,2018-03-07,[原创]《乐高世界》简体中文版,链接: https://pan.baidu.com/s/13Hq96xRaBOz0FERKy-Yh3g 密码: kv3w忘了有没有密码，如果有就是：www.ksohu.com根据欧版修改为简体中文版。经过眼花缭乱的操作，解决字库问题……Hard work移植：Benladen转载请注明来源，谢谢！《乐高世界》是一款灵感来源于《我的世界》（ Minecraft ）的乐高新作，是一款自由度很高的沙盒游戏。本作主题同《我的世界》一样，玩家将在三维空间中自由地创造和破坏不同种类的方块，创造精妙绝伦的建筑,其他类型,True
180,140,2018-03-07,[原创]《超级机器人大战V》港版 繁体中文版,4.05用hen+vr破解安装可以玩。未测试。4.05版本（billy5208降级）：链接: https://pan.baidu.com/s/1dOPxxrJCooYRINurFfNQvQ 密码: s6qm4.55版本（某大神DUMP）链接: https://pan.baidu.com/s/1maP3x4esRIs3gCl_5QwlTw 密码: 74q2解压密码：www.ksohu.com附分包MD5，下载后可检验，含恢复记录。转载请注明出处，谢谢！《超级机器人大战V》对应PS4和PSV平台，预,角色扮演,True
181,139,2018-03-07,[原创]《方根书简》港版 繁体中文版,4.05用hen+vr破解安装可以玩。未测试。      https://pan.baidu.com/s/170Vn4zjk0FGyeXVcH-RSYw密码：gs2w|大小：                请您放心下载。                      解压密码：www.ksohu.com        附分包MD5，下载后可检验，含恢复记录。         MD5工具：https://pan.baidu.com/s/1uAEC7QPuwuF6lHs8G5N3xw        转载请注明出处，谢谢！         《Root Letter》作为“角川游戏推理”冒险游戏系列新作推出。女主角文野亚弥神秘杀人的惊人事件。游戏有冒险和模拟部分组成的模拟冒险游戏。本作的企画・角色设计为箕星太朗（《爱相随》画师）、剧本由藤ダリオ负责、音乐由新田高史担当。     󰄼 赞 3 赏󰄯 分享,角色扮演,True
182,138,2018-03-07,《热血无赖》港版 繁体中文版,https://pan.baidu.com/s/1CC2yLvD2XoHA1nXbcJGvEA密码：6y49|大小：                请您放心下载。                      解压密码:港版GTA吗            http://bbs.duowan.com/thread-46205739-1-1.html  󰄼 赞 2 赏󰄯 分享,角色扮演,True
183,137,2018-03-07,《雷曼 传奇》国行 简体中文版,链接: https://pan.baidu.com/s/1iclSsGSebHCWPUFvx3yAoQ 密码: brxf解压密码:雷曼是什么动物来自：http://bbs.duowan.com/thread-46205727-1-1.html,动作类,True
184,136,2018-03-07,《情热传说》港版 繁体中文版,链接: https://pan.baidu.com/s/1pH7L3KMGWRdhRdg5yZVTNQ 密码: h66w解压密码:打死我也不说http://bbs.duowan.com/thread-46205729-1-1.html,角色扮演,True
185,135,2018-03-07,《地平线 零之曙光》港版 繁体中文版（加入1.22补丁）,链接: https://pan.baidu.com/s/1DhjmjJmonoF3EmhrgH0O9Q 密码: 8qv11.22 补丁：链接: https://pan.baidu.com/s/1HSa-s_Q8ZkZ5BWxO7fD2qQ 密码: 8kwy在这个奇特的游戏世界中，各种怪物都是机械形态的，而人来的武器都是弓箭和长矛之类的原始武器，从战斗情况来看，很有点怪物猎人的感觉，游戏的光影效果异常惊艳，各种特效酷炫十足，是一款相当值得期待的作品。解压密码：希望早点全版本破解billy,动作类,True
186,134,2018-03-06,​《公理边缘（Axiom Verge）》欧版 英文版,链接：https://pan.baidu.com/s/13i7Xlhbu0lipRzk0QQCchQ 密码：yush解压密码：www.ksohu.com《公理边缘（Axiom Verge）》是一款Thomas Happ Games打造的像素风格动作独立游戏，游戏登陆了PS4/PSV/PS3/PC/XboxOne/WiiU平台，本作中玩家可选用超过20种可升级的武器，以及探索900个以上场景组成的外星世界，游戏流程也保持在8小时以上玩家可以挑战各种可怕的敌人和boss，挑战性还是不小的。,动作类,True
187,133,2018-03-06,《伊苏8 达娜的安魂曲》 港版 繁体中文版,4.55 限定链接: https://pan.baidu.com/s/1G1z4W5E2W3bAOSAg9Tg0Cw 密码: vz2y游戏简介：　　 主角亚特鲁乘着客船前往“埃雷西亚“大陆，途中遇到了谜之巨大生物袭击落入水中，醒来之后亚特鲁发现自己来到了被诅咒的岛“塞壬岛”，和亚特鲁同船的乘客们也一起漂流到了这失落的孤岛上。故事中，亚特鲁将救出他们从而建立起作为据点的“漂流村”，并为对抗名为“古代种”的怪物而使村子发展&扩大。亚特鲁可组成最多3人的队伍，在各地展开战斗,动作类,True
188,132,2018-03-06,《光明之子》中文版（国语配音）,链接: https://pan.baidu.com/s/1ACql3nF2ihxyYPTooIhrGQ 密码: xy8p解压密码：想不出密码了billy5208《光之子》是一部日式RPG，该游戏的主角是一位勇敢的精灵冒险者，名叫奥萝拉（Aurora）。她是一位奥地利公爵的女儿，而这位公爵穿越到了利莫里亚（传说中沉入印度洋海底的一块大陆）并且遇见了一团名叫Igniculus的友好的火焰。　　《光之子》和《雷曼：传奇》都是由Ubiart Framework游戏引擎打造，因此我们可以期待在打败“黑暗皇,角色扮演,True
189,131,2018-03-06,《驾驶俱乐部 VR》港版 繁体中文版,链接: https://pan.baidu.com/s/1anOpT5XNSecsw6bMFxs0LQ 密码: p6qg来自：http://bbs.duowan.com/thread-46203639-1-1.html,体育竞速,True
190,130,2018-03-05,《鬼泣4特别版》 港版 日文英文版,链接: https://pan.baidu.com/s/1l_69MRuid-8Ja2-Vxqgf0g 密码: n9r5来自：http://bbs.duowan.com/thread-46178538-1-1.html,动作类,True
191,129,2018-03-05,《仁王》中文版,链接: https://pan.baidu.com/s/1o9JM0ki 密码: xxwe密码：这个传完休息两天billy5208跳转多玩论坛下载：http://bbs.duowan.com/thread-46202853-1-1.html游戏简介：        自从2005年首度曝光以来，《仁王》终于在发表10周年之际得到了落实，本作将由PS4独占，预定2016年发售。10年前首次公布时强调本作由黑泽明遗稿改编而成，并由シブサワ・コウ提供创意，将是一款,动作类,True
192,128,2018-03-05,《古墓丽影9：最终版》美版 繁体中文版,链接: https://pan.baidu.com/s/1nwO8kQH 密码: 55xx来自：http://bbs.duowan.com/thread-46143825-1-1.html,动作类,True
193,127,2018-03-05,《生化危机 启示录 揭幕版》美版 繁体中文版,链接: https://pan.baidu.com/s/1mjJk7Cs 密码: r7pv游戏简介：        《生化危机 启示录 揭幕版》将支持高分辨率、高帧数化，并且收录各种DLC。《生化危机 启示录》原为3DS独占生化危机系列续作，后移植各大主机及PC平台。本作故事发生在《生化危机4》和《生化危机5》之间，故事设定在一艘废弃的豪华游轮。吉尔与其新搭档Parker Luciani通过最后的GPS坐标去寻找克里斯。这艘船上每个角落,射击类,True
194,126,2018-03-04,《双截龙4》英语版,链接: https://pan.baidu.com/s/1eTYVMZS 密码: qh9s《双截龙4》的故事将发生在《双截龙2》之后，8-Bit风格的画面保持了游戏的一贯风格，原汁原味的游戏画风仿佛让人回到了当年酣战FC的时光，实在是令人心潮澎湃。来自：http://bbs.duowan.com/thread-46202081-1-1.html,动作类,True
195,125,2018-03-03,《古惑狼三部曲 高清重制》英文版,链接：https://pan.baidu.com/s/1miXhyVu 密码：82g7来自：http://bbs.duowan.com/thread-46199996-1-1.html,动作类,True
196,124,2018-03-03,《看门狗》港版 繁体中文版,链接：https://pan.baidu.com/s/1slYtgZV 密码：PSK3解压密码:看门狗是什么狗来自：http://bbs.duowan.com/forum.php?mod=viewthread&tid=46200987,动作类,True
197,123,2018-03-03,《新次元游戏 机甲少女海王星V2》港版 繁体中文版,链接：https://pan.baidu.com/s/1c4g1xb6 密码：7X0o解压密码:多玩遗忘的泪1制作上传来自：http://bbs.duowan.com/thread-46201046-1-1.html,角色扮演,True
198,122,2018-03-03,《最终幻想世界》港版 繁体中文版,链接：https://pan.baidu.com/s/1jJNsszs 密码：27I3解压密码：多玩遗忘的泪制作上传来自：http://bbs.duowan.com/thread-46200797-1-1.html,角色扮演,True
199,121,2018-03-03,《刺客信条 黑旗》港版 繁体中文版,链接：https://pan.baidu.com/s/1jJWLHqA 密码：u1EA解压密码：是海盗吗来自：http://bbs.duowan.com/thread-46200548-1-1.html,动作类,True
200,120,2018-03-03,《尼尔 机械纪元》中文版（已更新链接）,不能解压的，尝试用2345好压，压缩包有问题也会提示密码问题。https://pan.baidu.com/s/1kZRYF4KAUlHvcveyh_r0qQ  密码46b1解压密码：太多游戏要DUMP太累了billy5208来自：http://bbs.duowan.com/forum.php?mod=viewthread&tid=46200293,动作类,True
201,119,2018-03-02,《全民高尔夫》美版 英文版,链接: https://pan.baidu.com/s/1ggn68nh 密码: 7p6u游戏简介：《大众高尔夫》系列全新作品《新大众高尔夫》，本作中，玩家可以自行创建自己的角色，聚集来自世界各地的玩家在一个开放世界中一同游玩，不仅将玩家带回系列特色的原点，还会增加各种新要素。来自：http://bbs.duowan.com/thread-46199965-1-1.html,体育竞速,True
202,118,2018-03-02,《恶灵附身》港版 繁体中文版,链接: https://pan.baidu.com/s/1pMO3YWj 密码: bp6u解压密码:滚蛋恶灵来自：http://bbs.duowan.com/forum.php?mod=viewthread&tid=46199571,动作类,True
203,117,2018-03-02,《VR世界》国行 简体中文版,链接: https://pan.baidu.com/s/1kXf7hK7 密码: 2b9i密码：WOAIVR转自多玩,其他类型,True
204,116,2018-03-02,《女神异闻录5》中文版,链接: https://pan.baidu.com/s/1jJjwEW2 密码: r6qe来自：http://bbs.duowan.com/forum.php?mod=viewthread&tid=46199505,角色扮演,True
205,115,2018-03-02,《铁拳7》美版 英语 （百度云）,4.05、4.55均可。链接: https://pan.baidu.com/s/1mjkECKK 密码: 6dx7来自：http://bbs.duowan.com/thread-46202709-1-1.html,格斗类,True
206,112,2018-03-02,《辐射4完全版》港版 繁体中文版,链接: https://pan.baidu.com/s/1qZ4jipe 密码: 92w7解压密码:希望这不会发生《辐射4》为Bethesda开发的角色扮演游戏《辐射》系列第四部作品，开发团队为《上古卷轴5》原班人马。新作游戏中将会看到的物品、游戏玩法调整，人物创意以及其他元素。在《辐射4》中或将出现合作模式。游戏设定为末日后的波士顿市，萨默维尔市、剑桥市、阿灵顿市都会出现在游戏中。来自：http://bbs.duowan.com/forum.php?mod=viewthread&tid,角色扮演,True
207,109,2018-03-01,《刺客信条 艾吉奥合集》港版 繁体中文版,链接: https://pan.baidu.com/s/1c4avD08 密码: s9en解压密码:高版本破解快点来吧这部合集将包含《刺客信条2》，《刺客信条：兄弟会》和《刺客信条：启示录》，这些都是以艾吉奥·奥迪托雷为男主的系列作品，合集还将包含这三部游戏的所有单人扩展包，不过“兄弟会”和“启示录”的多人模式并没有在内。,动作类,True
208,108,2018-03-01,《J明星胜利对决》港版 繁体中文版,链接: https://pan.baidu.com/s/1nxkSBRN 密码: g6sw密码：Q群332060745请使用最新版Winrar解压（5.50）游戏简介：《J明星胜利对决+》为《J明星胜利对决》的欧美版作品，相对原版会增加一个街机模式，预定2015年登陆PSV、PS3和PS4。来自：http://bbs.duowan.com/thread-46193743-1-1.html,格斗类,True
209,107,2018-03-01,《刀剑神域 虚空幻界》中文版 ,链接: https://pan.baidu.com/s/1c3Btjl2 密码: ex51密码：游戏未经测试 不能接受者勿下 billy5208游戏设定在一个叫做“Sword Art : Origin”的新的虚拟环境，建立在“Sword Art : Origin”的基础之上，用于研究与开发。与之前的剧情相似，桐人收到了一条消息，但信息的意义不明。感谢billy5208友情分享,动作类,True
210,105,2018-02-28,[原创]PS4《Overcooked 煮糊了》中文版,移植+翻译：Benladen程序：PB汉化组.LITTOMA说明：根据欧版1.03 修改，文本移植自官方简体中文，另翻译部分PS4新增文本。下载：https://pan.baidu.com/s/1ghhHcUR 密码：e66y密码：www.ksohu.com汉化真是麻烦，好累，眼晕，经过漫长的一天，终于移植完了，应该是完全中文了吧……撒花繁体系统下运行。《煮糊了》是一款模拟经营游戏。在游戏中，玩家会在多样性的厨房中制作各种料理，整个游戏过程中节奏都非常的畅快，也带有场景的震撼，同时也支,其他类型,True
211,104,2018-02-28,《上古卷轴5-天际完全版》港版 繁体中文版,链接: https://pan.baidu.com/s/1oAggPbs 密码: ksrp解压密码:The Old Players 75《上古卷轴5：天际》是动作角色扮演游戏系列《上古卷轴》的最新作，由Bethesda开发制作。这部游戏设定在《上古卷轴4：湮没》的200年之后。玩家将扮演着人身龙魂的英雄龙裔，踏上将邪恶巨龙奥杜因驱逐至时间尽头的征途。来自：http://bbs.duowan.com/thread-46195300-1-1.html,动作类,True
212,103,2018-02-28,《战场女武神》港版 繁体中文版,链接: https://pan.baidu.com/s/1htiKD6k 密码: fu3p解压密码:Fuck Ps4 OFWhttp://bbs.duowan.com/thread-46194848-1-1.html,角色扮演,True
213,102,2018-02-27,《特技摩托：聚变》国行 简体中文版,链接:https://pan.baidu.com/s/1i680Zat 密码:qazy,体育竞速,True
214,101,2018-02-26,《巫师3 年度版》（包含DLC石之心和血与酒）中文版,链接: https://pan.baidu.com/s/1htMGfNu 密码: jwij密码：毛毛是乖孩子2345好压可以解压？大家再试试。感觉2345好压要成为神器来自：http://bbs.duowan.com/thread-46191131-1-1.html,动作类,True
215,100,2018-02-26,《最终幻想X|X-2 HD重制版》简体中文版 + 繁体中文版,3天后再发简体中文版：链接: https://pan.baidu.com/s/1gfWBpJX 密码: i5b3解压密码：Aoi_sola_是多玩PS4发布大神繁体中文版：链接: https://pan.baidu.com/s/1ghguYf5 密码: 2htf解压密码：苍井空我爱你 我是你忠实粉丝 我爱你,角色扮演,True
216,99,2018-02-25,《讨鬼传2》中文版（已修复）,作者已经重新压缩上传，目前没有问题。链接：https://pan.baidu.com/s/1dGkS1H3 密码：o85M密码：不喜勿下billy5028来自http://bbs.duowan.com/thread-46189600-1-1.html,动作类,True
217,98,2018-02-24,《声名狼藉：次子 DLC 破晓 》 港版 繁体中文版,链接: https://pan.baidu.com/s/1qZ0faKs 密码: 9q7g 本作为《恶名昭彰 次子》的资料片，新增新角色新剧情等要素。来自：http://bbs.duowan.com/thread-46187747-1-1.html,动作类,True
218,97,2018-02-24,《勇者斗恶龙 英雄 暗龙与世界树之城》中文版,链接: https://pan.baidu.com/s/1qZllWtA 密码: hna9解压密码：有事加微信号:billy5208玩家将扮演亲卫队长亚克特、女剑士梅雅、战王迪尔克、发明家茱莉叶塔等不同特性的角色，运用剑术、魔法与器械，对抗魔王率领的魔物大军，体验《无双》系列特有的一骑当千爽快感。来源：http://bbs.duowan.com/thread-46187883-1-1.html,动作类,True
219,96,2018-02-24,《数码暴龙故事 网络侦探》中文版,链接: https://pan.baidu.com/s/1ggdwM6v 密码: ixsk解压密码：有事加微信号:billy5208本作是《数码暴龙》游戏系列的最新作品，以近未来日本作为舞台的RPG作品，玩家操作的主角甚至可以带着数只数码兽在街道上行走。作为全新的培养育成型RPG，本作在延续前作的 “冒险”，“养成”，“战斗”要素的基础之上，新增了许多崭新的人物，故事情节以及游戏模式，我们一起来看一看吧。超过230种数码宝贝－本作中除收录有大量大家耳熟能详的数码宝贝，例如暴龙兽，加鲁鲁兽，仙人掌,角色扮演,True
220,95,2018-02-23,《蒸汽世界 收藏版》欧版 英文版,链接：https://pan.baidu.com/s/1jJSH402 密码：2thc作品含2作：SteamWorld Dig + SteamWorld Heist解压密码：www.ksohu.com尝试汉化。,动作类,True
221,94,2018-02-23,《最终幻想 零式》中文版,链接: https://pan.baidu.com/s/1qZwbmUC 密码: 68ai密码：不知道真的不知道问billy52082011年的PSP游戏《最终幻想 零式》高清重制登陆PS4、XBOXONE来源：http://bbs.duowan.com/thread-46186308-1-1.html,角色扮演,True
222,92,2018-02-22,《丧尸围城1+2 高清复刻版》英文版,1代，链接: https://pan.baidu.com/s/1o92kTRk 密码: mdyn2代，链接: https://pan.baidu.com/s/1eSPRN4u 密码: uzir来自：http://bbs.duowan.com/thread-46185464-1-1.html,射击类,True
223,91,2018-02-22,《罪恶装备 未知次元 启示者》英文版,https://pan.baidu.com/s/1htObNKC密码：vk81|大小：6.19G请您放心下载。来自：http://bbs.duowan.com/forum.php?mod=viewthread&tid=46185229󰄼 赞 0 赏󰄯 分享,格斗类,True
224,90,2018-02-22,《死或生5：最后一战》 港版 繁体中文版,"链接: https://pan.baidu.com/s/1bqQnR23 密码: 7d8w密码：CUSA01207_5""Fd2M#X]~&iKoMu<p-提示存档损坏，按提示重新建立存档即可。来自：http://bbs.duowan.com/thread-46158446-1-1.html",格斗类,True
225,89,2018-02-22,《镜边之缘》欧版 英文版,链接: https://pan.baidu.com/s/1mjhWlxm 密码: 5que来自：http://bbs.duowan.com/forum.php?mod=viewthread&tid=46181961,动作类,True
226,88,2018-02-19,《孤岛惊魂： 原始杀戮》欧版 简体中文版,链接: https://pan.baidu.com/s/1eT5iUkE 密码: 9j4d来源：http://bbs.duowan.com/forum.php?mod=viewthread&tid=46181274,动作类,True
227,86,2018-02-19,《黑手党3》欧版 简体繁体中文版,链接: https://pan.baidu.com/s/1eTP1FEE 密码: t3nw来源：http://bbs.duowan.com/forum.php?mod=viewthread&tid=46179993,动作类,True
228,85,2018-02-19,《战国BASARA真田幸村传》 港版 繁体中文版,链接: https://pan.baidu.com/s/1nwtzuy9 密码: hfv5来源：http://bbs.duowan.com/forum.php?mod=viewthread&tid=46176718,动作类,True
229,82,2018-02-17,《生化危机 启示录2 》港版 繁体中文版,链接: https://pan.baidu.com/s/1mjfUfoc 密码: emxy解压密码：我爱亿哆哆来源：http://bbs.duowan.com/thread-46175114-1-1.html,动作类,True
230,81,2018-02-16,祝广大玩家，新年快乐，游戏多多,,其他类型,
231,80,2018-02-14,《狂战传说》港版 繁体中文版,链接: https://pan.baidu.com/s/1c3ei0yW 密码: hqh5解压密码：The old players,角色扮演,True
232,79,2018-02-14,《刺客信条大革命》 港版 繁体中文版,链接: https://pan.baidu.com/s/1kWmHDGj 密码: fkq3解压密码：Aoi_sola来源：http://bbs.duowan.com/thread-46172241-1-1.html,动作类,True
233,78,2018-02-14,《纳克的大冒险》国行 简中版,链接: https://pan.baidu.com/s/1htG9Ute 密码: xd9a解压密码：多玩引领者来源：http://bbs.duowan.com/thread-46171480-1-1.html,动作类,True
234,77,2018-02-14,《暴雨》 港版 繁体中文版,链接: https://pan.baidu.com/s/1jJzARAY 密码: ju5n解压密码：苍井空 我爱你 I love you来源：http://bbs.duowan.com/thread-46171032-1-1.html,动作类,True
235,75,2018-02-13,《超凡双生》中文版,链接: https://pan.baidu.com/s/1jJ4u8xo 密码: nfm9解压密码：Aoi_sola I love you来自：http://bbs.duowan.com/thread-46169060-1-1.html,动作类,True
236,74,2018-02-12,《勇者斗恶龙英雄2》中文版,链接: https://pan.baidu.com/s/1i7cm4OP 密码: eixr密码：怪物猎人世界天下第一来源：http://bbs.duowan.com/thread-46167998-1-1.html,动作类,True
237,73,2018-02-11,《雷曼传奇》 中文版,链接: https://pan.baidu.com/s/1snlz9TF 密码: raw6解压密码 billy5208来源：http://bbs.duowan.com/thread-46165235-1-1.html,动作类,True
238,72,2018-02-11,《直到黎明》 中文版,链接: https://pan.baidu.com/s/1smPKSAL 密码: beng来源：http://bbs.duowan.com/thread-46165219-1-1.html 作者允许转载解压密码 见网盘TXT文件 解压密码.txt,动作类,True
239,71,2018-02-11,《FIFA 17》 英文版（百度云）,https://pan.baidu.com/s/1g8L9XuN2Od-8B0n0myjm9Q密码：y4et|大小：                请您放心下载。                      国内网盘上传中，文件比较大。         magnet:?xt=urn:btih:30F0D9A7D6A32BA6315164C3D5990654C03BEA00&dn=EP0006-CUSA03214_00-FIFAFOOTBALL2017-A0100-V0100.pkg&tr=udp%3a%2f%2ftracker.openbittorrent.com%3a80%2fannounce&tr=udp%3a%2f%2ftracker.opentrackr.org%3a1337%2fannounce         国外网盘：         1/2 http://www.mediafire.com/file/6mp7blpjb560f9a/CUSA03214_-FIFAFOOTBALL2017.part1.rar        2/2 http://www.mediafire.com/file/rdw92q9cn4zvk3v/CUSA03214_-FIFAFOOTBALL2017.part2.rar       󰄼 赞 3 赏󰄯 分享,体育竞速,True
240,70,2018-02-11,《暗黑破坏神3 终极邪恶版》美版 英文版,链接: https://pan.baidu.com/s/1bqb224Z 密码: 1dg4《暗黑破坏神3 终极邪恶版》为《暗黑破坏神3》加上资料片《夺魂之镰》，确认于8月19日星期二登陆Xbox One、Xbox 360、PS3和PS4。你可以将PS3或Xbox 360的《暗黑破坏神3》人物带到新游戏中来继续你的冒险。另外，你也可以将PS3的人物转到PS4，或者Xbox 360的人物转到Xbox One。所有四个版本都支持四人分屏合作和在线多人模式。来源PS4破解吧,角色扮演,True
241,69,2018-02-11,《生化危机原点收藏版0+1》英文版,链接: https://pan.baidu.com/s/1mj7EhJy 密码: ns96为了配合《生化危机0》重制的发售，CAPCOM决定面向PS4和XBOX ONE玩家推出名为《生化危机 原点收藏版》的合集型套装游戏，该合集将会同时收录《生化危机0 高清重制版》和《生化危机 高清重制版》两款作品。来源：http://bbs.duowan.com/thread-46161955-1-1.html,动作类,True
242,68,2018-02-11,《撕纸小邮差》国行 简体中文版,链接: https://pan.baidu.com/s/1pMU8Dvl 密码: 9995解压密码：billy5208来源：http://bbs.duowan.com/thread-46164453-1-1.html,动作类,True
243,67,2018-02-11,《瑞奇与叮当》 中文版,链接: https://pan.baidu.com/s/1eT3gGaY密码: 6f32解压密码: billy5208来源：http://bbs.duowan.com/thread-46161935-1-1.html,动作类,True
244,66,2018-02-11,《星球大战：前线》港版 繁体中文,链接: https://pan.baidu.com/s/1o8VGxT4 密码: iex8来自：http://bbs.duowan.com/forum.php?mod=viewthread&tid=46162339,射击类,True
245,65,2018-02-11,《重力眩晕》国行 简体中文版,链接: https://pan.baidu.com/s/1qZzy3uc 密码: gm4d解压密码：billy5208来源：http://bbs.duowan.com/thread-46163478-1-1.html,动作类,True
246,64,2018-02-11,《合金装备5 幻痛原爆点》（包括DLC）港版 繁体中文版,链接: https://pan.baidu.com/s/1pNqnu6B 密码: wy6a解压密码：此游戏作为之前瑞奇与叮当资源搞错的补偿来自：http://bbs.duowan.com/forum.php?mod=viewthread&tid=46163276,动作类,True
247,63,2018-02-11,《看门狗2 》港版 繁体中文,链接: https://pan.baidu.com/s/1c2VuOne 密码: zfmw来源：http://bbs.duowan.com/thread-46163466-1-1.html,动作类,True
248,61,2018-02-09,《DOOM》英文版,链接: https://pan.baidu.com/s/1o9S8IOq 密码: ewbj来自：贴吧:jocover,射击类,True
249,60,2018-02-09, 《小小大星球3》港版 繁体中文版,链接: https://pan.baidu.com/s/1o9JfqEe 密码: vjm6解压密码：tv.duowan.com来源：http://bbs.duowan.com/thread-46159377-1-1.html,动作类,True
250,59,2018-02-09,《火影忍者 究极风暴4 博人之路》 港版 繁体中文版（密码可能有问题）,勿下。链接: https://pan.baidu.com/s/1kXkVGeN 密码: pjtb解压密码：tv.duowan.com来源：http://bbs.duowan.com/thread-46161111-1-1.html,格斗类,True
251,58,2018-02-09,《海贼无双3》 国行 简体中文版,链接: https://pan.baidu.com/s/1c2YI2Ik 密码: gkys解压密码：tv.duowan.com来源：http://bbs.duowan.com/thread-46160941-1-1.html,动作类,True
252,57,2018-02-09,《黑暗之魂3》 港版 繁体中文版（暗黑之魂3）,链接: https://pan.baidu.com/s/1bqmXDJx 密码: 6v8a解压密码：tv.duowan.com来源：http://bbs.duowan.com/thread-46161070-1-1.html 《暗黑之魂3》（黑暗之魂）是硬核动作角色扮演游戏系列《暗黑之魂》的正统作品，这部续作会由宫崎英高本人担任游戏的制作总监，本作依然会贯彻其标志性的高难度，相信游戏也会有不俗的素质与表现。本作将支持1-4人游戏，这也意味着本作或许可以让玩家们和朋友们一同游戏，也可能游戏中存在着,动作类,True
253,56,2018-02-09,《古墓丽影 崛起》港版 繁体中文,奸商的资源https://share.weiyun.com/9b773580714e075ef4a0f0fca2d8a12b 感谢游客提供,动作类,
254,55,2018-02-07,《SD高达G世界 创世》港版 繁体中文,链接: https://pan.baidu.com/s/1mkmV06k 密码: pt21感谢访客留言,角色扮演,True
255,54,2018-02-06,《巫师3》港版 繁体中文,链接: https://pan.baidu.com/s/1bpRsNV5 密码: ewqs来源：多玩论坛,动作类,True
256,53,2018-02-05,《刀剑神域 失落之歌》港版 繁体中文版,暂未测试。感谢访客提供，未署名，以后可留名。链接: https://pan.baidu.com/s/1pMNgLAF 密码: 51cg本作游戏的舞台设定在ALO里的新场景“Swarf ALfheim”，故事情节为完全原创。时间背景大约是SAO篇章结束之后，在新生ALO里新增加了一个大陆“Swarf ALfheim”。桐人等人的任务目标，就是攻略这个未知地区。在这片新大陆上，光与暗交织，也将会产生新的故事。来源：http://bbs.duowan.com/thread-46155181-1-1.h,动作类,True
257,52,2018-02-05,《声名狼藉:次子》港版 繁体中文版,链接: https://pan.baidu.com/s/1c4bGtbi 密码: uii6《恶名昭彰》系列最新作《恶名昭彰 次子》（Second Son）在今早的PlayStation Meeting 2013上正式公布，本作将登陆PS4平台，除了画面上的全面进步，游戏玩法也变得更加丰富了。来源：http://bbs.duowan.com/thread-46155357-1-1.html源转自：微信会员铲死官,动作类,True
258,51,2018-02-05,《使命召唤 无限战争》 港版 繁体中文版,链接：https://pan.baidu.com/s/1dDxTTk 密码：ESW5《使命召唤》系列将重返系列作的基本，带来一场经典、壮丽，而且在创下销售纪录的系列作中从未体验过的两军大战。《使命召唤 无限战争》将于11月4日推出，让玩家沉浸在另一场军事战争故事之中。本次也将会是本系列作有史以来初次跨出地球战场，前进浩瀚的太阳系之中。本游戏将由Activision Blizzard的全资子公司发行，而且将由Infinity Ward领军开发。来源：http://bbs.duowan.com/th,射击类,True
259,49,2018-02-05,《杀戮地带 暗影堕落》 港版 繁体中文版,链接: https://pan.baidu.com/s/1kXinCtL 密码: uh2hPS4的FPS大作《杀戮地带 暗影堕落》（KillZone: Shadow fall）公布，即时演算效果惊人，玩法相当丰富、子弹时间，掩体系统，刺杀等等。画面效果相当惊艳，光影和场景都给人以震撼的感觉。来源：http://bbs.duowan.com/thread-46155033-1-1.html 张小猪的梦想,射击类,True
260,48,2018-02-05,《如龙：极》港版 繁体中文版,链接：https://pan.baidu.com/s/1c3GH90c 密码：up2o制作人名越稔洋正式宣布将对《如龙》初代作品重置，命名《如龙：极》，除了大幅提升游戏画质，还将收录锦山、豹变的真相；桐生一马与真岛之间的羁绊；由美、丽奈等人额外剧情。来源：http://bbs.duowan.com/thread-46154491-1-1.html,动作类,True
261,47,2018-02-05,《驾驶俱乐部》 港版 繁体中文版,链接: https://pan.baidu.com/s/1huitJPM 密码: 2s99无关输赢，关键是团队合作，以及如何加入俱乐部共享每场赛事的纯粹快感。和好友以及在线的玩者一同组队考验你的驾驶技巧。驾驶地球上最帅气的车辆进行数百个高速对决和赛中挑战。不论胜负，随时都有值得游玩的内容。来源：http://bbs.duowan.com/thread-46152005-1-1.html,体育竞速,True
262,46,2018-02-05,《龙珠 超宇宙2》港版 繁体中文版,链接: https://pan.baidu.com/s/1o9UAuaY 密码: 8t1r本作在《龙珠 超宇宙》获得了成功之后，推出续作也合情合理，游戏以《龙珠》的世界观作为大基础，玩家将扮演一名自己创作的原创角色，通过穿越在不同的《龙珠》作品中的时间线中展开冒险。来源：http://bbs.duowan.com/thread-46152577-1-1.html,格斗类,True
263,45,2018-02-05,《圣斗士星矢 战士魂 》国行 简中版,链接: https://pan.baidu.com/s/1ghhFOHH 密码: b2dy本作将收录《圣斗士星矢》系列新作品《圣斗士星矢 黄金魂》的主角狮子座艾欧里亚的神圣衣姿态，同时系列经典角色也会一一登场。来源：http://bbs.duowan.com/thread-46152570-1-1.html,格斗类,True
264,44,2018-02-05,《如龙6 命之诗》港版 繁体中文 更新1.06（6月3日更新）,链接: https://pan.baidu.com/s/1dOTkvk 密码: 4eac来源：http://bbs.duowan.com/thread-46154741-1-1.html 6月3日更新《如龙6：生命诗篇》港版中文v1.06链接:https://pan.baidu.com/s/17SRlOT6DCbqF1qP8BcdU-w  密码:gb1s,动作类,True
265,43,2018-02-05,《机器人大战OG：月之民》繁体中文版（修复版）,链接: https://pan.baidu.com/s/1jJ6wK30 密码: 3qbf重新DUMP，修复不能继续游戏的问题。解压密码：billy5208达芬奇密码来源：http://bbs.duowan.com/thread-46154635-1-1.html,角色扮演,True
266,42,2018-02-03,《血源诅咒：老猎人》（含dlc） 港版 繁体中文,链接：https://pan.baidu.com/s/1jJukBFw  密码：r5al转自多玩感谢游客投稿，可留名。,动作类,True
267,41,2018-02-03,《实况足球2017》国行简中（已补充完整）,链接：https://pan.baidu.com/s/1mj4pV3y 密码：s67T来源：http://bbs.duowan.com/thread-46152558-1-1.html,体育竞速,True
268,40,2018-02-02,《妖精剑士F 邪神降临》中文,"链接：https://pan.baidu.com/s/1o9O49gI 密码：M3Ut来源：http://bbs.duowan.com/thread-46151094-1-1.html解压密码：CUSA05708_*t8=on""cMUEmE4*h",角色扮演,True
269,39,2018-02-02,《大蛇无双2 蛇魔》港版 繁体中文,链接：https://pan.baidu.com/s/1nwZvW4T 密码：p4tm以突然出现的魔王远吕智所造出的异次元世界为舞台，体验一骑当千之爽快动作的战略动作游戏「无双OROCHI蛇魔」系列。其中包含了「真・三国无双」与「战国无双」两系列中众英杰所活跃的原创剧本，以及３人一组的队伍战斗系统等独特的要素。『无双OROCHI蛇魔2』的“百花缭乱之英杰剧情”亦借由新角色的参战以及新故事的追加而能享受更加深化的剧情。其他更新增了可体验组队战斗之乐趣的新模式「无限模式」以及新动作等多种要素，可谓极,动作类,True
270,38,2018-02-02,《血源诅咒 普通版》中文版,链接: https://pan.baidu.com/s/1o979AwM 密码: q4bf注：不含老猎人Dlc        本作是《血源诅咒》的首个大型DLC“老猎人”与原作的合集，DLC“老猎人”主要讲述亚南创立之前的故事，为玩家揭开《血源诅咒》世界观之谜，游戏中不仅会出现新Boss，老Boss也将得到重新演绎，同时还新增多种新武器，DLC于2015年11月24日发售，原作+DLC的合集完全版于2015年12月3日发售。来源：http://bbs.du,动作类,True
271,36,2018-02-01,《初音未来 歌姬计划X 》 港版 繁体中文版（2.2更新）,2月2日更新，不需要密码了，感谢留言。链接：https://pan.baidu.com/s/1mjAv6ru 密码：Pz4f来源：http://bbs.duowan.com/thread-46149326-1-1.html 《初音未来 歌姬计划X HD》将以1080P的分辨率、60帧的速率运行，相比PSV版会提供更好的角色模型、阴影效果和光照特效，环境和一些材质也会有明显的提升。,其他类型,True
272,35,2018-02-01,《最后守护者》 港版 繁体中文版,链接: https://pan.baidu.com/s/1o9NiAYQ 密码: 179u来源：http://bbs.duowan.com/thread-46149295-1-1.html,动作类,True
273,34,2018-02-01,《神秘海域 德雷克合集》 港版 繁体中文版（更新链接）,2月28日再更新链接: https://pan.baidu.com/s/1gg85gRp 密码: jdxm游戏收录此前在PS3平台上发售的三款神海作品《神秘海域：德雷克的宝藏》、《神秘海域2：盗亦有道》和《神秘海域3 德雷克的诡计》的单人战役部分，并无多人联机部分的内容。这三款作品都将在PS4上以1080P/60FPS的高清画质呈现，在光影效果、建模和材质上得以提升。同时，《神秘海域 德雷克合辑》也为玩家带来了全新的照相模式（Photo Mode），还增设了许多全新的奖杯，并且有许多收集自玩家社,动作类,True
274,33,2018-02-01,《教团1886》 港版 繁体中文版,链接: https://pan.baidu.com/s/1i6jxlBn 密码: duhd感谢多玩幻想de永恒留言,射击类,True
275,30,2018-01-31,《古墓丽影 劳拉和奥西里斯神庙》英文版,链接: https://pan.baidu.com/s/1jKiVxUe 密码: mz99感谢 ben 留言提供。《劳拉和奥西里斯神庙》故事将继续《劳拉和光之守护者》的剧情发展，支持4人联机协作游玩。本作通过惊艳的图形效果创作了一个全新的冒险故事。玩家必须齐心协力，才能探索整个神庙以及击退敌人。这次的场景设定在埃及，其中包含各种阴森的神庙和致命的陷阱，玩家必须十分小心和谨慎才行。,动作类,True
276,27,2018-01-31,[原创]《铲子骑士》汉化版修复版20180201,链接：https://pan.baidu.com/s/1dGHvsYl 密码：1fqt链接：https://pan.baidu.com/s/1mj4pMbA 密码：9kam    移植：Benladen&阿狸    文本：游侠网&3DM汉化版（未授权，请勿传播该游戏）    Bugs：未完全测试，可能会有缺字和其他Bug，很少量为英文（为避免死机）。    铲子骑士真是跨平台力作，之前汉化过PSV版本,动作类,True
277,26,2018-01-31,《古墓丽影 崛起 20周年纪念版》英文版,第一个压缩包可能出错链接: https://pan.baidu.com/s/1mkiRrPA 密码: ecucben 留言提供。,动作类,True
278,23,2018-01-31,《泰坦陨落2》中文版,链接: https://pan.baidu.com/s/1brfLPpX 密码: 7gy4来自：https://tieba.baidu.com/p/5535105017 作者jocover,射击类,True
279,22,2018-01-30,《街头霸王V》 英文版,https://pan.baidu.com/s/1pNiflhh  密码 ：3bjy《街头霸王5》预定2016年登陆PC和PS4平台，繁体中文版已经确认将同步推出。5代中取代了前作“拯救打击”系统的是被称为V系统，超必杀和EX技也因此而融为一体，借助V系统，每名角色都拥有自己独特的玩法，例如隆可以做到类似3代中的Block。来自：http://bbs.duowan.com/thread-46114531-1-1.html,格斗类,True
280,21,2018-01-30,《星之海洋5：诚实与背信》 港版 繁体中文版,链接: https://pan.baidu.com/s/1pMsEtvl 密码: x68t本作以距离地球6000光年的未开化的行星为舞台，采用即时制战斗，在战斗中玩家可以随意切换操控的角色，另外依据角色与敌人的距离不同会有不同的攻击方式，无论是攻击模式还是技能数量都将会是系列以来最丰富的。另外此作追加了十分有意思的系统，在本作中在剧情事件进行时，敌人依旧有可能来袭，若在此时同伴被敌人所捕，故事的展开和结局可能会有所不同哦！来自：http://bbs.duowan.com/thread-46146,角色扮演,True
281,20,2018-01-30,《苍蓝革命女武神》中文版,链接https://pan.baidu.com/s/1bpWc2vX 密码：46y7感谢maskmark提醒本作的角色建模将由フライトユニット负责，角色设定则由清原皆、タカヤマトシアキ负责。本作的世界观与前作完全不同，与前作相比更为直接紧凑，类型也变更为RPG。本作的战斗系统方面为实时制，并加入了SLG要素，指令需要设定到相应的按键上的类动作游戏。每支小队最多可编成5人，由玩家直接操纵一人，其余的角色由AI控制行动。另外，战车将变成一种类似于生物的兵器登场。通过本作的特殊系统，可以在战,角色扮演,True
282,19,2018-01-30,《最后的生还者 重制版》繁体中文版,链接: https://pan.baidu.com/s/1kWDfmEN 密码: tq1k,射击类,True
283,18,2018-01-30,《战神3 重制版》 港版繁体中文,链接: https://pan.baidu.com/s/1iRDgwfe_COdYWvUQOp2gtg  密码: ftcj已修复链接！来自：http://bbs.duowan.com/thread-46146214-1-1.html,动作类,True
284,17,2018-01-30,《摩托世界大奖赛2015》(国行简中版),链接: https://pan.baidu.com/s/1mjZxOZu 密码: t9snDumper 贴吧jocover,体育竞速,True
285,16,2018-01-30,《我的世界》繁体中文,链接: https://pan.baidu.com/s/1dGeL7w9 密码: dibu,动作类,True
286,15,2018-01-30,《神秘海域4 盗贼末路》简体中文版,本资源无问题，我就是从这下载的……Benladen链接: https://pan.baidu.com/s/1i67dFa1 密码: twb6《神秘海域》系列是索尼旗下主机平台最具影响力的作品之一，《神秘海域4》与前作相比，风格上会有一些转变，本作将是该系列中比较“黑暗”的一作，而且会比以前更加重视剧情。游戏的故事发生在《神秘海域3》三年后，所在地为马达加斯加殖民地，场景从印度洋上的东非国家一贯穿到各种白雪皑皑的室外，兄弟两人将会对抗反派宝藏猎人Rafe以及Nadine。除了堤防敌人的阴险狡诈以外,射击类,True
287,14,2018-01-30,《如龙0：起誓之地》繁体中文0201修复,链接：https://pan.baidu.com/s/1bqveG5h  密码：F0K3感谢多玩哈比habib提供的修复版。,动作类,True
288,13,2018-01-30,《死或生沙滩排球3》 繁体中文版（增加1.16版本）,链接: https://pan.baidu.com/s/1o9hQZvs 密码: ubyk1.16版本，链接: https://pan.baidu.com/s/1FzAM-18AoJlDYYLzb1j3vQ 密码: tbex,体育竞速,True
289,12,2018-01-30,《勇者斗恶龙 创世小玩家》繁体中文版,链接: https://pan.baidu.com/s/1jJVyjhc 密码: p1sf,动作类,True
290,11,2018-01-30,《魔界战记5》 繁体中文版,链接: https://pan.baidu.com/s/1eUnNl3k 密码: 6r3y,角色扮演,True
291,10,2018-01-30,《高达破坏者3》 繁体中文版,链接: https://pan.baidu.com/s/1c3h5z4c 密码: d7vt,动作类,True
292,9,2018-01-30,《最终幻想15》 港版 繁体中文版 ,链接: https://pan.baidu.com/s/1eTQM9Nk 密码: tr35,角色扮演,True
293,8,2018-01-30,《生化危机7》 欧版（自带简体/繁体中文版） ,链接: https://pan.baidu.com/s/1ggeH2KV 密码: vk98,射击类,True
294,7,2018-01-30,《NBA 2K17》 繁体中文版,已补充缺少的22包，感谢没教养的牛提醒。链接: https://pan.baidu.com/s/1oAcbAQm 密码: 8kj3种子：链接: https://pan.baidu.com/s/1i6zBXcx 密码: uq42来自：http://bbs.duowan.com/thread-46142424-1-1.html,体育竞速,True
295,6,2018-01-30,《侠盗猎车5 GTA5》港版繁体中文,链接: https://pan.baidu.com/s/1eUjJ0ie 密码: q5ns,动作类,True
296,5,2018-01-30, 《奥丁领域》 繁体中文版,链接：https://pan.baidu.com/s/1pMPOkMR 密码：ph1k来自：http://bbs.duowan.com/thread-46143833-1-1.html,动作类,True
297,4,2018-01-30,《战地1》 美版 【自带繁体中文版】,链接: https://pan.baidu.com/s/1smLG0hf 密码: 94bs来自：http://bbs.duowan.com/thread-46145284-1-1.html,射击类,True
298,3,2018-01-30,《真三国无双7 猛将传》 国行简中版（免Fix）,链接: https://pan.baidu.com/s/1rP2E1rC7esiKhFgg_29UkA 密码: xbrg转自：http://bbs.duowan.com/forum.php?mod=viewthread&tid=46144911&extra=page%3D1%26filter%3Dauthor%26orderby%3Ddateline%26orderby%3Ddateline,动作类,True
